/*
 Navicat Premium Data Transfer

 Source Server         : Karahan
 Source Server Type    : MySQL
 Source Server Version : 100422
 Source Host           : localhost:3306
 Source Schema         : ts25_gamedb

 Target Server Type    : MySQL
 Target Server Version : 100422
 File Encoding         : 65001

 Date: 01/02/2022 16:04:56
*/

SET NAMES utf8mb4;
SET FOREIGN_KEY_CHECKS = 0;

-- ----------------------------
-- Table structure for avatarinfo
-- ----------------------------
DROP TABLE IF EXISTS `avatarinfo`;
CREATE TABLE `avatarinfo`  (
  `time` datetime NOT NULL,
  `uID` char(255) CHARACTER SET latin1 COLLATE latin1_swedish_ci NULL DEFAULT NULL,
  `aVisibleState` int NOT NULL,
  `aSpecialState` int NOT NULL,
  `aPlayTime1` int NOT NULL,
  `aPlayTime2` int NOT NULL,
  `aKillOtherTribe` int NOT NULL,
  `aWorldNumber` int NOT NULL,
  `aName` varchar(12) CHARACTER SET latin1 COLLATE latin1_swedish_ci NOT NULL,
  `aTribe` int NOT NULL,
  `aPreviousTribe` int NOT NULL,
  `aGender` int NOT NULL,
  `aHeadType` int NOT NULL,
  `aFaceType` int NOT NULL,
  `aLevel1` int NOT NULL,
  `aLevel2` int NOT NULL,
  `aGeneralExperience1` int NOT NULL,
  `aGeneralExperience2` int NOT NULL,
  `aVit` int NOT NULL,
  `aStr` int NOT NULL,
  `aInt` int NOT NULL,
  `aDex` int NOT NULL,
  `aEatLifePotion` int NOT NULL,
  `aEatManaPotion` int NOT NULL,
  `aStateBonusPoint` int NOT NULL,
  `aSkillPoint` int NOT NULL,
  `aEquip` varchar(3000) CHARACTER SET latin1 COLLATE latin1_bin NOT NULL,
  `aExpandInventoryDate` int NOT NULL,
  `aMoney` int NOT NULL,
  `aInventory` varbinary(5000) NOT NULL,
  `aTradeMoney` int NOT NULL,
  `aTrade` varbinary(5000) NOT NULL,
  `aExpandStoreDate` int NOT NULL,
  `aStoreMoney` int NOT NULL,
  `aStoreItem` varbinary(5000) NOT NULL,
  `aSkill` varbinary(5000) NOT NULL,
  `aHotKey` varbinary(5000) NOT NULL,
  `aQuestInfo` varbinary(5000) NOT NULL,
  `aFriend` varchar(5000) CHARACTER SET latin1 COLLATE latin1_swedish_ci NOT NULL,
  `aTeacher` char(255) CHARACTER SET latin1 COLLATE latin1_swedish_ci NOT NULL,
  `aStudent` char(255) CHARACTER SET latin1 COLLATE latin1_swedish_ci NOT NULL,
  `aTeacherPoint` int NOT NULL,
  `aGuildName` char(255) CHARACTER SET latin1 COLLATE latin1_swedish_ci NOT NULL,
  `aGuildRole` int NOT NULL,
  `aCallName` char(255) CHARACTER SET latin1 COLLATE latin1_swedish_ci NOT NULL,
  `aGuildMarkNum` int NOT NULL,
  `aGuildMarkEffect` int NOT NULL,
  `aLogoutInfo01` int NOT NULL,
  `aLogoutInfo02` int NOT NULL,
  `aLogoutInfo03` int NOT NULL,
  `aLogoutInfo04` int NOT NULL,
  `aLogoutInfo05` int NOT NULL,
  `aLogoutInfo06` int NOT NULL,
  `aProtectForDeath` int NOT NULL,
  `aProtectForDestroy` int NOT NULL,
  `aDoubleExpTime1` int NOT NULL DEFAULT 0,
  `aDoubleExpTime2` int NOT NULL DEFAULT 0,
  `aDoubleKillNumTime` int NOT NULL DEFAULT 0,
  `aDoubleKillExpTime` int NOT NULL DEFAULT 0,
  `aNineTowerKeyNum` int NOT NULL,
  `aZone101TypeTime` int NOT NULL,
  `aZone125TypeTime` int NOT NULL,
  `aZone126TypeTime` int NOT NULL,
  `aKillMonsterNum` int NOT NULL,
  `aSearchAndBuyDate` int NOT NULL,
  `aAutoLifeRatio` int NOT NULL,
  `aAutoManaRatio` int NOT NULL,
  `aAnimal01` int NOT NULL,
  `aAnimal02` int NOT NULL,
  `aAnimal03` int NOT NULL,
  `aAnimal04` int NOT NULL,
  `aAnimal05` int NOT NULL,
  `aAnimal06` int NOT NULL,
  `aAnimal07` int NOT NULL,
  `aAnimal08` int NOT NULL,
  `aAnimal09` int NOT NULL,
  `aAnimal10` int NOT NULL,
  `aAnimalIndex` int NOT NULL DEFAULT 0,
  `aAnimalTime` int NOT NULL,
  `aCostume01` int NOT NULL,
  `aCostume02` int NOT NULL,
  `aCostume03` int NOT NULL,
  `aCostume04` int NOT NULL,
  `aCostume05` int NOT NULL,
  `aCostume06` int NOT NULL,
  `aCostume07` int NOT NULL,
  `aCostume08` int NOT NULL,
  `aCostume09` int NOT NULL,
  `aCostume10` int NOT NULL,
  `aCostumeIndex` int NOT NULL DEFAULT 0,
  `aHalo` int NOT NULL,
  `aRebirth` int NOT NULL,
  `aTitle` int NOT NULL,
  `aMoney2` int NOT NULL,
  `aStoreMoney2` int NOT NULL,
  `aTradeMoney2` int NOT NULL,
  `aEatElementAtkDefPotion` int NOT NULL,
  `aExpPill` int NOT NULL,
  `aDamageBoostScroll` int NOT NULL,
  `aHealthBoostScroll` int NOT NULL,
  `aCriticalBoostScroll` int NOT NULL,
  `aMountAbsorbTime` int NOT NULL,
  `aEatStrengthPotion` int NOT NULL,
  `aEatAgilityPotion` int NOT NULL,
  `aWingProtectionScroll` int NOT NULL,
  `aPreventRefineBreak` int NOT NULL,
  `aIOBTime` int NOT NULL,
  `aIOS1Time` int NOT NULL,
  `aIOS2Time` int NOT NULL,
  `aIOS3Time` int NOT NULL,
  `aIOS4Time` int NOT NULL,
  `aIOS5Time` int NOT NULL,
  `aIOS6Time` int NOT NULL,
  `iUseOrnament` int NOT NULL,
  `iGoldOrnamentTime` int NOT NULL,
  `iSilverOrnamentTime` int NOT NULL,
  `aLifeOrDeath` int NOT NULL,
  `aRankPoints` int NOT NULL,
  `aRankAbility` int NOT NULL,
  `aAutoBuffDate` int NOT NULL,
  `aAutoHuntDate` int NOT NULL,
  `aAutoHuntHour` int NOT NULL,
  `aDoubleBuffTime` int NOT NULL,
  `aDailyWars` int NOT NULL,
  `aDailyPVPKill` int NOT NULL,
  `aDailyPVMKill` int NOT NULL,
  `aDailyOnTime` int NOT NULL,
  `aCPProtCharm` int NOT NULL,
  `aAutoHunt` varbinary(82) NOT NULL,
  `aAutoBuffData` varbinary(49) NOT NULL,
  `aPetInventory` varbinary(101) NOT NULL,
  `aMountExpActivity` varbinary(91) NOT NULL,
  `aMountAbilities` varbinary(81) NOT NULL,
  `aExpandPetInventory` int NOT NULL,
  `aFactionNoticeScroll` int NOT NULL,
  `aFactionReturnScroll` int NOT NULL,
  `aTradeSocket` varbinary(49) NOT NULL,
  `aEquipSocket` varbinary(79) NOT NULL,
  `aStoreSocket` varbinary(337) NOT NULL,
  `aSaveSocket` varbinary(169) NOT NULL,
  `aInventorySocket` varbinary(769) NOT NULL,
  `aTribeVoteDate` int NOT NULL,
  `aPetExpBoostScroll` int NOT NULL,
  `aLuckyUpgrade` int NOT NULL,
  `aLuckyCombine` int NOT NULL,
  `aLuckyDrop` int NOT NULL,
  `aDoubleIOBKey` int NOT NULL,
  PRIMARY KEY (`aName`) USING BTREE
) ENGINE = InnoDB CHARACTER SET = latin1 COLLATE = latin1_swedish_ci ROW_FORMAT = DYNAMIC;

-- ----------------------------
-- Records of avatarinfo
-- ----------------------------
INSERT INTO `avatarinfo` VALUES ('2022-01-30 16:20:26', '1', 1, 0, 2, 2, 0, 1, '11', 0, 0, 0, 0, 0, 1, 0, 0, 0, 1, 1, 1, 1, 0, 0, 0, 0, '0000000000000000000000000000000000000000000000000000000000000000000000000000000900000000000000000000000000000000000000000000000010000000000000000000000000000000000000000000000000000000000000000000000000000000000000000000000000000000000000000000000000000000000000000000000000000000000000000000000000000000000000000000000000000', 20220206, 99999999, 0x303130323630303031323030303030303030303030303030303030313531353730313030303030303030303030303030303030303030303030303030303030303030303030303030303030303030303030303030303836303030303030303030303030303030303030303030303030303030303030303030303030303030303030303030303030303030303030303030303030303030303030303030303030303030303030303030303030303030303030303030303030303030303030303030303030303030303030303030303030303030303030303030303030303030303030303030303030303030303030303030303030303030303030303030303030303030303030303030303030303030303030303030303030303030303030303030303030303030303030303030303030303030303030303030303030303030303030303030303030303030303030303030303030303030303030303030303030303030303030303030303030303030303030303030303030303030303030303030303030303030303030303030303030303030303030303030303030303030303030303030303030303030303030303030303030303030303030303030303030303030303030303030303030303030303030303030303030303030303030303030303030303030303030303030303030303030303030303030303030303030303030303030303030303030303030303030303030303030303030303030303030303030303030303030303030303030303030303030303030303030303030303030303030303030303030303030303030303030303030303030303030303030303030303030303030303030303030303030303030303030303030303030303030303030303030303030303030303030303030303030303030303030303030303030303030303030303030303030303030303030303030303030303030303030303030303030303030303030303030303030303030303030303030303030303030303030303030303030303030303030303030303030303030303030303030303030303030303030303030303030303030303030303030303030303030303030303030303030303030303030303030303030303030303030303030303030303030303030303030303030303030303030303030303030303030303030303030303030303030303030303030303030303030303030303030303030303030303030303030303030303030303030303030303030303030303030303030303030303030303030303030303030303030303030303030303030303030303030303030303030303030303030303030303030303030303030303030303030303030303030303030303030303030303030303030303030303030303030303030303030303030303030303030303030303030303030303030303030303030303030303030303030303030303030303030303030303030303030303030303030303030303030303030303030303030303030303030303030303030303030303030303030303030303030303030303030303030303030303030303030303030303030303030303030303030303030303030303030303030303030303030303030303030303030303030303030303030303030303030303030303030303030303030303030303030303030303030303030303030303030303030303030303030303030303030303030303030303030303030303030303030303030303030303030303030303030303030303030303030303030303030303030303030303030303030303030303030303030303030303030303030303030303030303030303030303030303030303030303030303030303030303030303030303030303030303030303030303030303030303030303030303030303030303030303030303030303030303030303030303030303030303030303030303030303030303030303030303030303030303030303030303030303030303030303030303030303030303030303030303030303030303030303030303030303030303030303030303030303030303030303030303030303030303030303030303030303030303030303030303030303030303030303030303030303030303030303030303030303030303030303030303030303030303030303030303030303030303030303030303030303030303030303030303030303030303030303030303030303030303030303030303030303030303030303030303030303030303030303030303030303030303030303030303030303030303030303030303030303030303030303030303030303030303030303030303030303030303030303030303030303030303030303030303030303030303030303030303030303030303030303030303030303030303030303030303030303030303030303030303030303030303030303030303030303030303030303030303030303030303030303030303030303030303030303030303030303030303030303030303030303030303030303030303030303030303030303030303030303030303030303030303030303030303030303030303030303030303030303030303030303030303030303030303030303030303030303030303030303030303030303030303030303030303030303030303030303030303030303030303030303030303030303030303030303030303030303030303030303030303030303030303030303030303030303030303030303030303030303030303030303030303030303030303030303030303030303030303030303030303030303030303030303030303030303030303030303030303030303030303030303030303030303030303030303030303030303030303030303030303030303030303030303030303030303030303030303030303030303030303030303030303030303030303030303030303030303030303030303030303030303030303030303030303030303030303030303030303030303030303030303030303030303030303030303030303030303030303030303030303030303030303030303030303030303030303030303030303030303030303030303030303030303030303030303030303030303030303030303030303030303030303030303030303030303030303030303030303030303030303030303030303030303030303030303030303030303030303030303030303030303030303030303030303030303030303030303030303030303030303030303030303030303030303030303030303030303030303030303030303030303030303030303030303030303030303030303030303030303030303030303030303030303030303030303030303030303030303030303030303030303030303030303030303030303030303030303030303030303030303030303030303030303030303030303030303030303030303030303030303030303030303030303030303030303030303030303030303030303030303030303030303030303030303030303030303030303030303030303030303030303030303030303030303030303030303030303030303030303030303030303030303030303030303030303030303030303030303030303030303030303030303030303030303030303030303030303030303030303030303030303030303030303030303030303030303030303030303030303030303030303030303030303030303030303030303030303030303030303030303030303030303030303030303030303030303030303030303030303030303030303030303030303030303030303030303030303030303030303030303030303030303030303030303030303030303030303030303030303030303030303030303030303030303030303030303030303030303030303030303030303030303030303030303030303030303030303030303030303030303030303030303030303030303030303030303030303030303030303030303030303030303030303030303030303030303030303030303030303030303030303030303030303030303030303030303030303030303030303030303030303030303030303030303030303030303030303030303030303030303030303030303030303030303030303030303030303030303030303030303030303030303030303030303030303030303030303030303030303030303030303030303030303030303030303030303030303030303030303030303030303030303030303030303030303030303030303030303030303030303030303030303030303030303030303030303030303030303030303030303030303030303030303030303030303030303030303030303030303030303030303030303030303030303030303030303030303030303030303030303030303030303030303030303030303030303030303030303030303030303030303030303030303030303030303030303030303030303030303030303030303030303030303030303030303030303030303030303030303030303030303030303030303030303030303030303030303030303030303030303030303030303030303030303030303030303030303030303030303030303030303030303030303030303030303030303030303030303030303030303030303030303030303030303030303030303030303030303030303030303030303030303030303030303030303030303030303030303030303030303030303030303030, 0, 0x3030303030303030303030303030303030303030303030303030303030303030303030303030303030303030303030303030303030303030303030303030303030303030303030303030303030303030303030303030303030303030303030303030303030303030303030303030303030303030303030303030303030303030303030303030303030303030303030303030303030303030303030303030303030303030303030303030303030303030303030303030303030303030303030303030303030303030, 20220206, 0, 0x3030303030303030303030303030303030303030303030303030303030303030303030303030303030303030303030303030303030303030303030303030303030303030303030303030303030303030303030303030303030303030303030303030303030303030303030303030303030303030303030303030303030303030303030303030303030303030303030303030303030303030303030303030303030303030303030303030303030303030303030303030303030303030303030303030303030303030303030303030303030303030303030303030303030303030303030303030303030303030303030303030303030303030303030303030303030303030303030303030303030303030303030303030303030303030303030303030303030303030303030303030303030303030303030303030303030303030303030303030303030303030303030303030303030303030303030303030303030303030303030303030303030303030303030303030303030303030303030303030303030303030303030303030303030303030303030303030303030303030303030303030303030303030303030303030303030303030303030303030303030303030303030303030303030303030303030303030303030303030303030303030303030303030303030303030303030303030303030303030303030303030303030303030303030303030303030303030303030303030303030303030303030303030303030303030303030303030303030303030303030303030303030303030303030303030303030303030303030303030303030303030303030303030303030303030303030303030303030303030303030303030303030303030303030303030303030303030303030303030303030303030303030303030303030303030303030303030303030303030303030303030303030303030303030303030303030303030303030303030303030303030303030303030303030303030303030303030303030303030303030303030303030303030303030303030303030303030303030303030303030303030303030303030303030303030303030303030303030303030303030303030303030303030303030303030303030303030303030303030303030303030303030303030303030303030303030303030303030303030303030303030303030303030303030303030303030303030303030303030303030303030303030303030303030303030303030303030303030303030303030303030303030303030303030303030303030303030303030303030303030303030303030303030303030303030303030303030303030303030303030303030303030303030303030303030303030303030303030303030303030303030303030303030303030303030303030303030303030303030303030303030303030303030303030303030303030303030303030303030303030303030303030303030303030303030303030303030303030303030303030303030303030303030303030303030303030303030303030303030303030303030303030303030303030303030303030303030303030303030303030303030303030303030303030303030303030303030303030303030303030303030303030303030303030303030303030303030303030303030303030303030303030303030303030303030303030303030303030303030303030303030303030303030303030303030303030303030303030303030303030303030303030303030303030303030303030303030303030303030303030303030303030303030303030303030303030303030303030303030303030303030303030303030303030303030303030303030303030303030303030303030303030303030303030303030303030303030, 0x303031303031303030303030303030303030303030303030303030303030303030303030303030303030303030303030303030303030303030303030303030303030303030303030303030303030303030303030303030303030303030303030303030303030303030303030303030303030303030303030303030303030303030303030303030303030303030303030303030303030303030303030303030303030303030303030303030303030303030303030303030303030303030303030303030303030303030303030303030303030303030303030303030303030303030303030303030303030303030303030, 0x303030303130303130313030303034303939303330303030343039393033303030303430393930333030303238303939303330303032383039393033303030323830393930333030303030303030303030303030303030303030303030303030303030303030303030303030303030303030303030303030303030303030303030303030303030303030303030303030303030303030303030303030303030303030303030303030303030303030303030303030303030303030303030303030303030303030303030303030303030303030303030303030303030303030303030303030303030303030303030303030303030303030303030303030303030303030303030303030303030303030303030303030303030303030303030303030303030303030303030303030303030303030303030303030303030303030303030303030303030303030303030303030303030303030303030303030303030303030303030303030303030303030303030303030303030303030303030303030303030303030303030303030303030303030303030303030303030303030303030303030, 0x30303030303030303030303030303030303030303030303030, '@@@@@@@@@@@@@@@@@@@@@@@@@@@@@@@@@@@@@@@@@@@@@@@@@@@@@@@@@@@@@@@@@@@@@@@@@@@@@@@@@@@@@@@@@@@@@@@@@@@@@@@@@@@@@@@@@@@@@@@@', '', '', 0, '', 0, '', 0, 1, 1, -253, 0, 265, 30, 21, 0, 0, 0, 0, 0, 0, 0, 0, 0, 0, 0, 0, 0, 0, 0, 0, 0, 0, 0, 0, 0, 0, 0, 0, -1, 0, 0, 0, 0, 0, 0, 0, 0, 0, 0, 0, -1, 0, 0, 0, 0, 0, 0, 0, 0, 0, 0, 0, 0, 0, 0, 0, 0, 0, 0, 0, 0, 0, 0, 0, 0, 0, 0, 0, 0, 0, 0, 99999999, 0, 0, 0, 0, 0, 2, 0, 0x303030303030303030303030303030303030303030303030303030303030303030303030303030303030303030303030303030303030303030303030303030303030303030303030303030303030303030, 0x303030303030303030303030303030303030303030303030303030303030303030303030303030303030303030303030, 0x30303030303030303030303030303030303030303030303030303030303030303030303030303030303030303030303030303030303030303030303030303030303030303030303030303030303030303030303030303030303030303030303030303030, 0x303030303030303030303030303030303030303030303030303030303030303030303030303030303030303030303030303030303030303030303030303030303030303030303030303030303030303030303030303030303030, 0x3030303030303030303030303030303030303030303030303030303030303030303030303030303030303030303030303030303030303030303030303030303030303030303030303030303030303030, 0, 0, 0, 0x303030303030303030303030303030303030303030303030303030303030303030303030303030303030303030303030, 0x303030303030303030303030303030303030303030303030303030303030303030303030303030303030303030303030303030303030303030303030303030303030303030303030303030303030, 0x303030303030303030303030303030303030303030303030303030303030303030303030303030303030303030303030303030303030303030303030303030303030303030303030303030303030303030303030303030303030303030303030303030303030303030303030303030303030303030303030303030303030303030303030303030303030303030303030303030303030303030303030303030303030303030303030303030303030303030303030303030303030303030303030303030303030303030303030303030303030303030303030303030303030303030303030303030303030303030303030303030303030303030303030303030303030303030303030303030303030303030303030303030303030303030303030303030303030303030303030303030303030303030303030303030303030303030303030303030303030303030303030, 0x303030303030303030303030303030303030303030303030303030303030303030303030303030303030303030303030303030303030303030303030303030303030303030303030303030303030303030303030303030303030303030303030303030303030303030303030303030303030303030303030303030303030303030303030303030303030303030303030303030303030303030303030303030303030303030303030, 0x303030303030303030303030303030303030303030303030303030303030303030303030303030303030303030303030303030303030303030303030303030303030303030303030303030303030303030303030303030303030303030303030303030303030303030303030303030303030303030303030303030303030303030303030303030303030303030303030303030303030303030303030303030303030303030303030303030303030303030303030303030303030303030303030303030303030303030303030303030303030303030303030303030303030303030303030303030303030303030303030303030303030303030303030303030303030303030303030303030303030303030303030303030303030303030303030303030303030303030303030303030303030303030303030303030303030303030303030303030303030303030303030303030303030303030303030303030303030303030303030303030303030303030303030303030303030303030303030303030303030303030303030303030303030303030303030303030303030303030303030303030303030303030303030303030303030303030303030303030303030303030303030303030303030303030303030303030303030303030303030303030303030303030303030303030303030303030303030303030303030303030303030303030303030303030303030303030303030303030303030303030303030303030303030303030303030303030303030303030303030303030303030303030303030303030303030303030303030303030303030303030303030303030303030303030303030303030303030303030303030303030303030303030303030303030303030303030303030303030303030303030303030303030303030303030303030303030303030303030303030303030303030303030303030303030303030303030303030303030303030303030303030303030303030303030303030303030303030303030303030303030303030303030303030303030303030, 0, 0, 0, 0, 0, 0);
INSERT INTO `avatarinfo` VALUES ('2022-01-18 22:32:07', '2', 1, 0, 0, 0, 0, 1, 'Kalmukhan', 2, 2, 0, 0, 0, 1, 0, 0, 0, 1, 1, 1, 1, 0, 0, 0, 0, '0000000000000000000000000000000000000000000000000000020000000000000000000000002100000000000000000000000000000000000000000000000022000000000000000000000000000000000000000000000000180000000000000000000000000000000000000000000000000000000000000000000000000000000000000000000000000000000000000000000000000000000000000000000000000', 20220125, 0, 0x303130323630303031323030303030303030303030303030303030303030303030303030303030303030303030303030303030303030303030303030303030303030303030303030303030303030303030303030303030303030303030303030303030303030303030303030303030303030303030303030303030303030303030303030303030303030303030303030303030303030303030303030303030303030303030303030303030303030303030303030303030303030303030303030303030303030303030303030303030303030303030303030303030303030303030303030303030303030303030303030303030303030303030303030303030303030303030303030303030303030303030303030303030303030303030303030303030303030303030303030303030303030303030303030303030303030303030303030303030303030303030303030303030303030303030303030303030303030303030303030303030303030303030303030303030303030303030303030303030303030303030303030303030303030303030303030303030303030303030303030303030303030303030303030303030303030303030303030303030303030303030303030303030303030303030303030303030303030303030303030303030303030303030303030303030303030303030303030303030303030303030303030303030303030303030303030303030303030303030303030303030303030303030303030303030303030303030303030303030303030303030303030303030303030303030303030303030303030303030303030303030303030303030303030303030303030303030303030303030303030303030303030303030303030303030303030303030303030303030303030303030303030303030303030303030303030303030303030303030303030303030303030303030303030303030303030303030303030303030303030303030303030303030303030303030303030303030303030303030303030303030303030303030303030303030303030303030303030303030303030303030303030303030303030303030303030303030303030303030303030303030303030303030303030303030303030303030303030303030303030303030303030303030303030303030303030303030303030303030303030303030303030303030303030303030303030303030303030303030303030303030303030303030303030303030303030303030303030303030303030303030303030303030303030303030303030303030303030303030303030303030303030303030303030303030303030303030303030303030303030303030303030303030303030303030303030303030303030303030303030303030303030303030303030303030303030303030303030303030303030303030303030303030303030303030303030303030303030303030303030303030303030303030303030303030303030303030303030303030303030303030303030303030303030303030303030303030303030303030303030303030303030303030303030303030303030303030303030303030303030303030303030303030303030303030303030303030303030303030303030303030303030303030303030303030303030303030303030303030303030303030303030303030303030303030303030303030303030303030303030303030303030303030303030303030303030303030303030303030303030303030303030303030303030303030303030303030303030303030303030303030303030303030303030303030303030303030303030303030303030303030303030303030303030303030303030303030303030303030303030303030303030303030303030303030303030303030303030303030303030303030303030303030303030303030303030303030303030303030303030303030303030303030303030303030303030303030303030303030303030303030303030303030303030303030303030303030303030303030303030303030303030303030303030303030303030303030303030303030303030303030303030303030303030303030303030303030303030303030303030303030303030303030303030303030303030303030303030303030303030303030303030303030303030303030303030303030303030303030303030303030303030303030303030303030303030303030303030303030303030303030303030303030303030303030303030303030303030303030303030303030303030303030303030303030303030303030303030303030303030303030303030303030303030303030303030303030303030303030303030303030303030303030303030303030303030303030303030303030303030303030303030303030303030303030303030303030303030303030303030303030303030303030303030303030303030303030303030303030303030303030303030303030303030303030303030303030303030303030303030303030303030303030303030303030303030303030303030303030303030303030303030303030303030303030303030303030303030303030303030303030303030303030303030303030303030303030303030303030303030303030303030303030303030303030303030303030303030303030303030303030303030303030303030303030303030303030303030303030303030303030303030303030303030303030303030303030303030303030303030303030303030303030303030303030303030303030303030303030303030303030303030303030303030303030303030303030303030303030303030303030303030303030303030303030303030303030303030303030303030303030303030303030303030303030303030303030303030303030303030303030303030303030303030303030303030303030303030303030303030303030303030303030303030303030303030303030303030303030303030303030303030303030303030303030303030303030303030303030303030303030303030303030303030303030303030303030303030303030303030303030303030303030303030303030303030303030303030303030303030303030303030303030303030303030303030303030303030303030303030303030303030303030303030303030303030303030303030303030303030303030303030303030303030303030303030303030303030303030303030303030303030303030303030303030303030303030303030303030303030303030303030303030303030303030303030303030303030303030303030303030303030303030303030303030303030303030303030303030303030303030303030303030303030303030303030303030303030303030303030303030303030303030303030303030303030303030303030303030303030303030303030303030303030303030303030303030303030303030303030303030303030303030303030303030303030303030303030303030303030303030303030303030303030303030303030303030303030303030303030303030303030303030303030303030303030303030303030303030303030303030303030303030303030303030303030303030303030303030303030303030303030303030303030303030303030303030303030303030303030303030303030303030303030303030303030303030303030303030303030303030303030303030303030303030303030303030303030303030303030303030303030303030303030303030303030303030303030303030303030303030303030303030303030303030303030303030303030303030303030303030303030303030303030303030303030303030303030303030303030303030303030303030303030303030303030303030303030303030303030303030303030303030303030303030303030303030303030303030303030303030303030303030303030303030303030303030303030303030303030303030303030303030303030303030303030303030303030303030303030303030303030303030303030303030303030303030303030303030303030303030303030303030303030303030303030303030303030303030303030303030303030303030303030303030303030303030303030303030303030303030303030303030303030303030303030303030303030303030303030303030303030303030303030303030303030303030303030303030303030303030303030303030303030303030303030303030303030303030303030303030303030303030303030303030303030303030303030303030303030303030303030303030303030303030303030303030303030303030303030303030303030303030303030303030303030303030303030303030303030303030303030303030303030303030303030303030303030303030303030303030303030303030303030303030303030303030303030303030303030303030303030303030303030303030303030303030303030303030303030303030303030303030303030303030303030303030303030303030303030303030303030303030303030303030303030303030303030303030303030303030303030303030303030303030303030303030303030303030303030303030303030, 0, 0x3030303030303030303030303030303030303030303030303030303030303030303030303030303030303030303030303030303030303030303030303030303030303030303030303030303030303030303030303030303030303030303030303030303030303030303030303030303030303030303030303030303030303030303030303030303030303030303030303030303030303030303030303030303030303030303030303030303030303030303030303030303030303030303030303030303030303030, 20220125, 0, 0x3030303030303030303030303030303030303030303030303030303030303030303030303030303030303030303030303030303030303030303030303030303030303030303030303030303030303030303030303030303030303030303030303030303030303030303030303030303030303030303030303030303030303030303030303030303030303030303030303030303030303030303030303030303030303030303030303030303030303030303030303030303030303030303030303030303030303030303030303030303030303030303030303030303030303030303030303030303030303030303030303030303030303030303030303030303030303030303030303030303030303030303030303030303030303030303030303030303030303030303030303030303030303030303030303030303030303030303030303030303030303030303030303030303030303030303030303030303030303030303030303030303030303030303030303030303030303030303030303030303030303030303030303030303030303030303030303030303030303030303030303030303030303030303030303030303030303030303030303030303030303030303030303030303030303030303030303030303030303030303030303030303030303030303030303030303030303030303030303030303030303030303030303030303030303030303030303030303030303030303030303030303030303030303030303030303030303030303030303030303030303030303030303030303030303030303030303030303030303030303030303030303030303030303030303030303030303030303030303030303030303030303030303030303030303030303030303030303030303030303030303030303030303030303030303030303030303030303030303030303030303030303030303030303030303030303030303030303030303030303030303030303030303030303030303030303030303030303030303030303030303030303030303030303030303030303030303030303030303030303030303030303030303030303030303030303030303030303030303030303030303030303030303030303030303030303030303030303030303030303030303030303030303030303030303030303030303030303030303030303030303030303030303030303030303030303030303030303030303030303030303030303030303030303030303030303030303030303030303030303030303030303030303030303030303030303030303030303030303030303030303030303030303030303030303030303030303030303030303030303030303030303030303030303030303030303030303030303030303030303030303030303030303030303030303030303030303030303030303030303030303030303030303030303030303030303030303030303030303030303030303030303030303030303030303030303030303030303030303030303030303030303030303030303030303030303030303030303030303030303030303030303030303030303030303030303030303030303030303030303030303030303030303030303030303030303030303030303030303030303030303030303030303030303030303030303030303030303030303030303030303030303030303030303030303030303030303030303030303030303030303030303030303030303030303030303030303030303030303030303030303030303030303030303030303030303030303030303030303030303030303030303030303030303030303030303030303030303030303030303030303030303030303030303030303030303030303030303030303030303030303030303030303030303030303030303030303030, 0x303339303031303030303030303030303030303030303030303030303030303030303030303030303030303030303030303030303030303030303030303030303030303030303030303030303030303030303030303030303030303030303030303030303030303030303030303030303030303030303030303030303030303030303030303030303030303030303030303030303030303030303030303030303030303030303030303030303030303030303030303030303030303030303030303030303030303030303030303030303030303030303030303030303030303030303030303030303030303030303030, 0x303030333930303130313030303034303939303330303030343039393033303030303430393930333030303238303939303330303032383039393033303030323830393930333030303030303030303030303030303030303030303030303030303030303030303030303030303030303030303030303030303030303030303030303030303030303030303030303030303030303030303030303030303030303030303030303030303030303030303030303030303030303030303030303030303030303030303030303030303030303030303030303030303030303030303030303030303030303030303030303030303030303030303030303030303030303030303030303030303030303030303030303030303030303030303030303030303030303030303030303030303030303030303030303030303030303030303030303030303030303030303030303030303030303030303030303030303030303030303030303030303030303030303030303030303030303030303030303030303030303030303030303030303030303030303030303030303030303030303030303030, 0x30303030303030303030303030303030303030303030303030, '@@@@@@@@@@@@@@@@@@@@@@@@@@@@@@@@@@@@@@@@@@@@@@@@@@@@@@@@@@@@@@@@@@@@@@@@@@@@@@@@@@@@@@@@@@@@@@@@@@@@@@@@@@@@@@@@@@@@@@@@', '', '', 0, '', 0, '', 0, 1, 11, 447, 1, 440, 30, 21, 0, 0, 0, 0, 0, 0, 0, 0, 0, 0, 0, 0, 0, 0, 0, 0, 0, 0, 0, 0, 0, 0, 0, 0, -1, 0, 0, 0, 0, 0, 0, 0, 0, 0, 0, 0, -1, 0, 0, 0, 0, 0, 0, 0, 0, 0, 0, 0, 0, 0, 0, 0, 0, 0, 0, 0, 0, 0, 0, 0, 0, 0, 0, 0, 0, 0, 0, 99999999, 0, 0, 0, 0, 0, 0, 0, 0x30, 0x30, 0x30, 0x30, 0x30, 0, 0, 0, 0x30, 0x30, 0x30, 0x30, 0x30, 0, 0, 0, 0, 0, 0);
INSERT INTO `avatarinfo` VALUES ('2022-01-30 16:00:15', '1', 1, 0, 8, 8, 0, 1, 'Muhammet', 0, 0, 0, 0, 0, 112, 0, 15801290, 0, 1, 1, 1, 1, 0, 0, 0, 0, '0000000000000000000000000000000000000000000000000000008000000000000000000000000900000000000000000000000000000000000000000000000010000000000000000000000000000000000000000000000000060000000000000000000000000000000000000000000000000000000000000000000000000000000000000000000000000000000000000000000000000000000000000000000000000', 20220206, 0, 0x303130323630303031323030303030303030303030303030303030303030303030303030303030303030303030303030303030303030303030303030303030303030303030303030303030303030303030303030303030303030303030303030303030303030303030303030303030303030303030303030303030303030303030303030303030303030303030303030303030303030303030303030303030303030303030303030303030303030303030303030303030303030303030303030303030303030303030303030303030303030303030303030303030303030303030303030303030303030303030303030303030303030303030303030303030303030303030303030303030303030303030303030303030303030303030303030303030303030303030303030303030303030303030303030303030303030303030303030303030303030303030303030303030303030303030303030303030303030303030303030303030303030303030303030303030303030303030303030303030303030303030303030303030303030303030303030303030303030303030303030303030303030303030303030303030303030303030303030303030303030303030303030303030303030303030303030303030303030303030303030303030303030303030303030303030303030303030303030303030303030303030303030303030303030303030303030303030303030303030303030303030303030303030303030303030303030303030303030303030303030303030303030303030303030303030303030303030303030303030303030303030303030303030303030303030303030303030303030303030303030303030303030303030303030303030303030303030303030303030303030303030303030303030303030303030303030303030303030303030303030303030303030303030303030303030303030303030303030303030303030303030303030303030303030303030303030303030303030303030303030303030303030303030303030303030303030303030303030303030303030303030303030303030303030303030303030303030303030303030303030303030303030303030303030303030303030303030303030303030303030303030303030303030303030303030303030303030303030303030303030303030303030303030303030303030303030303030303030303030303030303030303030303030303030303030303030303030303030303030303030303030303030303030303030303030303030303030303030303030303030303030303030303030303030303030303030303030303030303030303030303030303030303030303030303030303030303030303030303030303030303030303030303030303030303030303030303030303030303030303030303030303030303030303030303030303030303030303030303030303030303030303030303030303030303030303030303030303030303030303030303030303030303030303030303030303030303030303030303030303030303030303030303030303030303030303030303030303030303030303030303030303030303030303030303030303030303030303030303030303030303030303030303030303030303030303030303030303030303030303030303030303030303030303030303030303030303030303030303030303030303030303030303030303030303030303030303030303030303030303030303030303030303030303030303030303030303030303030303030303030303030303030303030303030303030303030303030303030303030303030303030303030303030303030303030303030303030303030303030303030303030303030303030303030303030303030303030303030303030303030303030303030303030303030303030303030303030303030303030303030303030303030303030303030303030303030303030303030303030303030303030303030303030303030303030303030303030303030303030303030303030303030303030303030303030303030303030303030303030303030303030303030303030303030303030303030303030303030303030303030303030303030303030303030303030303030303030303030303030303030303030303030303030303030303030303030303030303030303030303030303030303030303030303030303030303030303030303030303030303030303030303030303030303030303030303030303030303030303030303030303030303030303030303030303030303030303030303030303030303030303030303030303030303030303030303030303030303030303030303030303030303030303030303030303030303030303030303030303030303030303030303030303030303030303030303030303030303030303030303030303030303030303030303030303030303030303030303030303030303030303030303030303030303030303030303030303030303030303030303030303030303030303030303030303030303030303030303030303030303030303030303030303030303030303030303030303030303030303030303030303030303030303030303030303030303030303030303030303030303030303030303030303030303030303030303030303030303030303030303030303030303030303030303030303030303030303030303030303030303030303030303030303030303030303030303030303030303030303030303030303030303030303030303030303030303030303030303030303030303030303030303030303030303030303030303030303030303030303030303030303030303030303030303030303030303030303030303030303030303030303030303030303030303030303030303030303030303030303030303030303030303030303030303030303030303030303030303030303030303030303030303030303030303030303030303030303030303030303030303030303030303030303030303030303030303030303030303030303030303030303030303030303030303030303030303030303030303030303030303030303030303030303030303030303030303030303030303030303030303030303030303030303030303030303030303030303030303030303030303030303030303030303030303030303030303030303030303030303030303030303030303030303030303030303030303030303030303030303030303030303030303030303030303030303030303030303030303030303030303030303030303030303030303030303030303030303030303030303030303030303030303030303030303030303030303030303030303030303030303030303030303030303030303030303030303030303030303030303030303030303030303030303030303030303030303030303030303030303030303030303030303030303030303030303030303030303030303030303030303030303030303030303030303030303030303030303030303030303030303030303030303030303030303030303030303030303030303030303030303030303030303030303030303030303030303030303030303030303030303030303030303030303030303030303030303030303030303030303030303030303030303030303030303030303030303030303030303030303030303030303030303030303030303030303030303030303030303030303030303030303030303030303030303030303030303030303030303030303030303030303030303030303030303030303030303030303030303030303030303030303030303030303030303030303030303030303030303030303030303030303030303030303030303030303030303030303030303030303030303030303030303030303030303030303030303030303030303030303030303030303030303030303030303030303030303030303030303030303030303030303030303030303030303030303030303030303030303030303030303030303030303030303030303030303030303030303030303030303030303030303030303030303030303030303030303030303030303030303030303030303030303030303030303030303030303030303030303030303030303030303030303030303030303030303030303030303030303030303030303030303030303030303030303030303030303030303030303030303030303030303030303030303030303030303030303030303030303030303030303030303030303030303030303030303030303030303030303030303030303030303030303030303030303030303030303030303030303030303030303030303030303030303030303030303030303030303030303030303030303030303030303030303030303030303030303030303030303030303030303030303030303030303030303030303030303030303030303030303030303030303030303030303030303030303030303030303030303030303030303030303030303030303030303030303030303030303030303030303030303030303030303030303030303030303030303030303030303030303030303030303030303030303030303030303030303030303030303030303030303030303030303030303030303030303030303030303030303030303030303030303030303030, 0, 0x3030303030303030303030303030303030303030303030303030303030303030303030303030303030303030303030303030303030303030303030303030303030303030303030303030303030303030303030303030303030303030303030303030303030303030303030303030303030303030303030303030303030303030303030303030303030303030303030303030303030303030303030303030303030303030303030303030303030303030303030303030303030303030303030303030303030303030, 20220206, 0, 0x3030303030303030303030303030303030303030303030303030303030303030303030303030303030303030303030303030303030303030303030303030303030303030303030303030303030303030303030303030303030303030303030303030303030303030303030303030303030303030303030303030303030303030303030303030303030303030303030303030303030303030303030303030303030303030303030303030303030303030303030303030303030303030303030303030303030303030303030303030303030303030303030303030303030303030303030303030303030303030303030303030303030303030303030303030303030303030303030303030303030303030303030303030303030303030303030303030303030303030303030303030303030303030303030303030303030303030303030303030303030303030303030303030303030303030303030303030303030303030303030303030303030303030303030303030303030303030303030303030303030303030303030303030303030303030303030303030303030303030303030303030303030303030303030303030303030303030303030303030303030303030303030303030303030303030303030303030303030303030303030303030303030303030303030303030303030303030303030303030303030303030303030303030303030303030303030303030303030303030303030303030303030303030303030303030303030303030303030303030303030303030303030303030303030303030303030303030303030303030303030303030303030303030303030303030303030303030303030303030303030303030303030303030303030303030303030303030303030303030303030303030303030303030303030303030303030303030303030303030303030303030303030303030303030303030303030303030303030303030303030303030303030303030303030303030303030303030303030303030303030303030303030303030303030303030303030303030303030303030303030303030303030303030303030303030303030303030303030303030303030303030303030303030303030303030303030303030303030303030303030303030303030303030303030303030303030303030303030303030303030303030303030303030303030303030303030303030303030303030303030303030303030303030303030303030303030303030303030303030303030303030303030303030303030303030303030303030303030303030303030303030303030303030303030303030303030303030303030303030303030303030303030303030303030303030303030303030303030303030303030303030303030303030303030303030303030303030303030303030303030303030303030303030303030303030303030303030303030303030303030303030303030303030303030303030303030303030303030303030303030303030303030303030303030303030303030303030303030303030303030303030303030303030303030303030303030303030303030303030303030303030303030303030303030303030303030303030303030303030303030303030303030303030303030303030303030303030303030303030303030303030303030303030303030303030303030303030303030303030303030303030303030303030303030303030303030303030303030303030303030303030303030303030303030303030303030303030303030303030303030303030303030303030303030303030303030303030303030303030303030303030303030303030303030303030303030303030303030303030303030303030303030303030303030303030303030303030, 0x303031303031303030303030303030303030303030303030303030303030303030303030303030303030303030303030303030303030303030303030303030303030303030303030303030303030303030303030303030303030303030303030303030303030303030303030303030303030303030303030303030303030303030303030303030303030303030303030303030303030303030303030303030303030303030303030303030303030303030303030303030303030303030303030303030303030303030303030303030303030303030303030303030303030303030303030303030303030303030303030, 0x303030303130303130313030303034303939303330303030343039393033303030303430393930333030303238303939303330303032383039393033303030323830393930333030303030303030303030303030303030303030303030303030303030303030303030303030303030303030303030303030303030303030303030303030303030303030303030303030303030303030303030303030303030303030303030303030303030303030303030303030303030303030303030303030303030303030303030303030303030303030303030303030303030303030303030303030303030303030303030303030303030303030303030303030303030303030303030303030303030303030303030303030303030303030303030303030303030303030303030303030303030303030303030303030303030303030303030303030303030303030303030303030303030303030303030303030303030303030303030303030303030303030303030303030303030303030303030303030303030303030303030303030303030303030303030303030303030303030303030303030, 0x30303030303030303030303030303030303030303030303030, '@@@@@@@@@@@@@@@@@@@@@@@@@@@@@@@@@@@@@@@@@@@@@@@@@@@@@@@@@@@@@@@@@@@@@@@@@@@@@@@@@@@@@@@@@@@@@@@@@@@@@@@@@@@@@@@@@@@@@@@@', '', '', 0, '', 0, '', 0, 1, 1, -41, 0, 32, 1483, 886, 0, 0, 0, 0, 0, 0, 0, 0, 0, 0, 0, 0, 0, 0, 0, 0, 0, 0, 0, 0, 0, 0, 0, 0, -1, 0, 0, 0, 0, 0, 0, 0, 0, 0, 0, 0, -1, 0, 0, 0, 0, 0, 0, 0, 0, 0, 0, 0, 0, 0, 0, 0, 0, 0, 0, 0, 0, 0, 0, 0, 0, 0, 0, 0, 0, 0, 0, 99999999, 0, 0, 0, 0, 0, 8, 0, 0x303030303030303030303030303030303030303030303030303030303030303030303030303030303030303030303030303030303030303030303030303030303030303030303030303030303030303030, 0x303030303030303030303030303030303030303030303030303030303030303030303030303030303030303030303030, 0x30303030303030303030303030303030303030303030303030303030303030303030303030303030303030303030303030303030303030303030303030303030303030303030303030303030303030303030303030303030303030303030303030303030, 0x303030303030303030303030303030303030303030303030303030303030303030303030303030303030303030303030303030303030303030303030303030303030303030303030303030303030303030303030303030303030, 0x3030303030303030303030303030303030303030303030303030303030303030303030303030303030303030303030303030303030303030303030303030303030303030303030303030303030303030, 0, 0, 0, 0x303030303030303030303030303030303030303030303030303030303030303030303030303030303030303030303030, 0x303030303030303030303030303030303030303030303030303030303030303030303030303030303030303030303030303030303030303030303030303030303030303030303030303030303030, 0x303030303030303030303030303030303030303030303030303030303030303030303030303030303030303030303030303030303030303030303030303030303030303030303030303030303030303030303030303030303030303030303030303030303030303030303030303030303030303030303030303030303030303030303030303030303030303030303030303030303030303030303030303030303030303030303030303030303030303030303030303030303030303030303030303030303030303030303030303030303030303030303030303030303030303030303030303030303030303030303030303030303030303030303030303030303030303030303030303030303030303030303030303030303030303030303030303030303030303030303030303030303030303030303030303030303030303030303030303030303030303030303030, 0x303030303030303030303030303030303030303030303030303030303030303030303030303030303030303030303030303030303030303030303030303030303030303030303030303030303030303030303030303030303030303030303030303030303030303030303030303030303030303030303030303030303030303030303030303030303030303030303030303030303030303030303030303030303030303030303030, 0x303030303030303030303030303030303030303030303030303030303030303030303030303030303030303030303030303030303030303030303030303030303030303030303030303030303030303030303030303030303030303030303030303030303030303030303030303030303030303030303030303030303030303030303030303030303030303030303030303030303030303030303030303030303030303030303030303030303030303030303030303030303030303030303030303030303030303030303030303030303030303030303030303030303030303030303030303030303030303030303030303030303030303030303030303030303030303030303030303030303030303030303030303030303030303030303030303030303030303030303030303030303030303030303030303030303030303030303030303030303030303030303030303030303030303030303030303030303030303030303030303030303030303030303030303030303030303030303030303030303030303030303030303030303030303030303030303030303030303030303030303030303030303030303030303030303030303030303030303030303030303030303030303030303030303030303030303030303030303030303030303030303030303030303030303030303030303030303030303030303030303030303030303030303030303030303030303030303030303030303030303030303030303030303030303030303030303030303030303030303030303030303030303030303030303030303030303030303030303030303030303030303030303030303030303030303030303030303030303030303030303030303030303030303030303030303030303030303030303030303030303030303030303030303030303030303030303030303030303030303030303030303030303030303030303030303030303030303030303030303030303030303030303030303030303030303030303030303030303030303030303030303030303030303030303030303030, 0, 0, 0, 0, 0, 0);

-- ----------------------------
-- Table structure for avatarnameinfo
-- ----------------------------
DROP TABLE IF EXISTS `avatarnameinfo`;
CREATE TABLE `avatarnameinfo`  (
  `aUpdateTime` datetime NOT NULL,
  `aName` varchar(100) CHARACTER SET utf8 COLLATE utf8_general_ci NOT NULL,
  PRIMARY KEY (`aName`) USING BTREE
) ENGINE = MyISAM CHARACTER SET = utf8 COLLATE = utf8_general_ci ROW_FORMAT = DYNAMIC;

-- ----------------------------
-- Records of avatarnameinfo
-- ----------------------------
INSERT INTO `avatarnameinfo` VALUES ('2022-01-18 22:32:07', 'Kalmukhan');
INSERT INTO `avatarnameinfo` VALUES ('2022-01-30 16:00:15', 'Muhammet');
INSERT INTO `avatarnameinfo` VALUES ('2022-01-30 16:20:26', '11');

-- ----------------------------
-- Table structure for baduserinfo
-- ----------------------------
DROP TABLE IF EXISTS `baduserinfo`;
CREATE TABLE `baduserinfo`  (
  `uUpdateTime` datetime NULL DEFAULT NULL,
  `uID` varchar(12) CHARACTER SET utf8 COLLATE utf8_general_ci NOT NULL DEFAULT '0',
  `uWarningNum` int NULL DEFAULT 0,
  PRIMARY KEY (`uID`) USING BTREE
) ENGINE = MyISAM CHARACTER SET = utf8 COLLATE = utf8_general_ci ROW_FORMAT = DYNAMIC;

-- ----------------------------
-- Records of baduserinfo
-- ----------------------------

-- ----------------------------
-- Table structure for baduserlist
-- ----------------------------
DROP TABLE IF EXISTS `baduserlist`;
CREATE TABLE `baduserlist`  (
  `uUpdateTime` datetime NULL DEFAULT NULL,
  `uID` varchar(12) CHARACTER SET utf8 COLLATE utf8_general_ci NOT NULL DEFAULT '0',
  `uSort` int NULL DEFAULT NULL,
  `uHackName` varchar(50) CHARACTER SET utf8 COLLATE utf8_general_ci NULL DEFAULT NULL,
  PRIMARY KEY (`uID`) USING BTREE
) ENGINE = MyISAM CHARACTER SET = utf8 COLLATE = utf8_general_ci ROW_FORMAT = DYNAMIC;

-- ----------------------------
-- Records of baduserlist
-- ----------------------------

-- ----------------------------
-- Table structure for definemaxusernum
-- ----------------------------
DROP TABLE IF EXISTS `definemaxusernum`;
CREATE TABLE `definemaxusernum`  (
  `aWorldNumber` int NOT NULL,
  `mMaxUserNum` int NOT NULL,
  `mAddUserNum` int NOT NULL,
  `mGageUserNum` int NOT NULL,
  PRIMARY KEY (`aWorldNumber`) USING BTREE
) ENGINE = MyISAM CHARACTER SET = utf8 COLLATE = utf8_general_ci ROW_FORMAT = FIXED;

-- ----------------------------
-- Records of definemaxusernum
-- ----------------------------
INSERT INTO `definemaxusernum` VALUES (1, 10000, 0, 10000);
INSERT INTO `definemaxusernum` VALUES (2, 100, 0, 100);

-- ----------------------------
-- Table structure for deleteavatarinfo
-- ----------------------------
DROP TABLE IF EXISTS `deleteavatarinfo`;
CREATE TABLE `deleteavatarinfo`  (
  `time` datetime NOT NULL,
  `uID` char(255) CHARACTER SET latin1 COLLATE latin1_swedish_ci NULL DEFAULT NULL,
  `aVisibleState` int NOT NULL,
  `aSpecialState` int NOT NULL,
  `aPlayTime1` int NOT NULL,
  `aPlayTime2` int NOT NULL,
  `aKillOtherTribe` int NOT NULL,
  `aWorldNumber` int NOT NULL,
  `aName` varchar(12) CHARACTER SET latin1 COLLATE latin1_swedish_ci NOT NULL,
  `aTribe` int NOT NULL,
  `aPreviousTribe` int NOT NULL,
  `aGender` int NOT NULL,
  `aHeadType` int NOT NULL,
  `aFaceType` int NOT NULL,
  `aLevel1` int NOT NULL,
  `aLevel2` int NOT NULL,
  `aGeneralExperience1` int NOT NULL,
  `aGeneralExperience2` int NOT NULL,
  `aVit` int NOT NULL,
  `aStr` int NOT NULL,
  `aInt` int NOT NULL,
  `aDex` int NOT NULL,
  `aEatLifePotion` int NOT NULL,
  `aEatManaPotion` int NOT NULL,
  `aStateBonusPoint` int NOT NULL,
  `aSkillPoint` int NOT NULL,
  `aEquip` varchar(3000) CHARACTER SET latin1 COLLATE latin1_bin NOT NULL,
  `aExpandInventoryDate` int NOT NULL,
  `aMoney` int NOT NULL,
  `aInventory` varbinary(5000) NOT NULL,
  `aTradeMoney` int NOT NULL,
  `aTrade` varbinary(5000) NOT NULL,
  `aExpandStoreDate` int NOT NULL,
  `aStoreMoney` int NOT NULL,
  `aStoreItem` varbinary(5000) NOT NULL,
  `aSkill` varbinary(5000) NOT NULL,
  `aHotKey` varbinary(5000) NOT NULL,
  `aQuestInfo` varbinary(5000) NOT NULL,
  `aFriend` varchar(5000) CHARACTER SET latin1 COLLATE latin1_swedish_ci NOT NULL,
  `aTeacher` char(255) CHARACTER SET latin1 COLLATE latin1_swedish_ci NOT NULL,
  `aStudent` char(255) CHARACTER SET latin1 COLLATE latin1_swedish_ci NOT NULL,
  `aTeacherPoint` int NOT NULL,
  `aGuildName` char(255) CHARACTER SET latin1 COLLATE latin1_swedish_ci NOT NULL,
  `aGuildRole` int NOT NULL,
  `aCallName` char(255) CHARACTER SET latin1 COLLATE latin1_swedish_ci NOT NULL,
  `aGuildMarkNum` int NOT NULL,
  `aGuildMarkEffect` int NOT NULL,
  `aLogoutInfo01` int NOT NULL,
  `aLogoutInfo02` int NOT NULL,
  `aLogoutInfo03` int NOT NULL,
  `aLogoutInfo04` int NOT NULL,
  `aLogoutInfo05` int NOT NULL,
  `aLogoutInfo06` int NOT NULL,
  `aProtectForDeath` int NOT NULL,
  `aProtectForDestroy` int NOT NULL,
  `aDoubleExpTime1` int NOT NULL DEFAULT 0,
  `aDoubleExpTime2` int NOT NULL DEFAULT 0,
  `aDoubleKillNumTime` int NOT NULL DEFAULT 0,
  `aDoubleKillExpTime` int NOT NULL DEFAULT 0,
  `aNineTowerKeyNum` int NOT NULL,
  `aZone101TypeTime` int NOT NULL,
  `aZone125TypeTime` int NOT NULL,
  `aZone126TypeTime` int NOT NULL,
  `aKillMonsterNum` int NOT NULL,
  `aSearchAndBuyDate` int NOT NULL,
  `aAutoLifeRatio` int NOT NULL,
  `aAutoManaRatio` int NOT NULL,
  `aAnimal01` int NOT NULL,
  `aAnimal02` int NOT NULL,
  `aAnimal03` int NOT NULL,
  `aAnimal04` int NOT NULL,
  `aAnimal05` int NOT NULL,
  `aAnimal06` int NOT NULL,
  `aAnimal07` int NOT NULL,
  `aAnimal08` int NOT NULL,
  `aAnimal09` int NOT NULL,
  `aAnimal10` int NOT NULL,
  `aAnimalIndex` int NOT NULL DEFAULT 0,
  `aAnimalTime` int NOT NULL,
  `aCostume01` int NOT NULL,
  `aCostume02` int NOT NULL,
  `aCostume03` int NOT NULL,
  `aCostume04` int NOT NULL,
  `aCostume05` int NOT NULL,
  `aCostume06` int NOT NULL,
  `aCostume07` int NOT NULL,
  `aCostume08` int NOT NULL,
  `aCostume09` int NOT NULL,
  `aCostume10` int NOT NULL,
  `aCostumeIndex` int NOT NULL DEFAULT 0,
  `aHalo` int NOT NULL,
  `aRebirth` int NOT NULL,
  `aTitle` int NOT NULL,
  `aMoney2` int NOT NULL,
  `aStoreMoney2` int NOT NULL,
  `aTradeMoney2` int NOT NULL,
  `aEatElementAtkDefPotion` int NOT NULL,
  `aExpPill` int NOT NULL,
  `aDamageBoostScroll` int NOT NULL,
  `aHealthBoostScroll` int NOT NULL,
  `aCriticalBoostScroll` int NOT NULL,
  `aMountAbsorbTime` int NOT NULL,
  `aEatStrengthPotion` int NOT NULL,
  `aEatAgilityPotion` int NOT NULL,
  `aWingProtectionScroll` int NOT NULL,
  `aPreventRefineBreak` int NOT NULL,
  `aIOBTime` int NOT NULL,
  `aIOS1Time` int NOT NULL,
  `aIOS2Time` int NOT NULL,
  `aIOS3Time` int NOT NULL,
  `aIOS4Time` int NOT NULL,
  `aIOS5Time` int NOT NULL,
  `aIOS6Time` int NOT NULL,
  `iUseOrnament` int NOT NULL,
  `iGoldOrnamentTime` int NOT NULL,
  `iSilverOrnamentTime` int NOT NULL,
  `aLifeOrDeath` int NOT NULL,
  `aRankPoints` int NOT NULL,
  `aRankAbility` int NOT NULL,
  `aAutoBuffDate` int NOT NULL,
  `aAutoHuntDate` int NOT NULL,
  `aAutoHuntHour` int NOT NULL,
  `aDoubleBuffTime` int NOT NULL,
  `aDailyWars` int NOT NULL,
  `aDailyPVPKill` int NOT NULL,
  `aDailyPVMKill` int NOT NULL,
  `aDailyOnTime` int NOT NULL,
  `aCPProtCharm` int NOT NULL,
  `aAutoHunt` varbinary(82) NOT NULL,
  `aAutoBuffData` varbinary(49) NOT NULL,
  `aPetInventory` varbinary(101) NOT NULL,
  `aMountExpActivity` varbinary(91) NOT NULL,
  `aMountAbilities` varbinary(81) NOT NULL,
  `aExpandPetInventory` int NOT NULL,
  `aFactionNoticeScroll` int NOT NULL,
  `aFactionReturnScroll` int NOT NULL,
  `aTradeSocket` varbinary(49) NOT NULL,
  `aEquipSocket` varbinary(79) NOT NULL,
  `aStoreSocket` varbinary(337) NOT NULL,
  `aSaveSocket` varbinary(169) NOT NULL,
  `aInventorySocket` varbinary(769) NOT NULL,
  `aTribeVoteDate` int NOT NULL,
  `aPetExpBoostScroll` int NOT NULL,
  `aLuckyUpgrade` int NOT NULL,
  `aLuckyCombine` int NOT NULL,
  `aLuckyDrop` int NOT NULL,
  `aDoubleIOBKey` int NOT NULL
) ENGINE = InnoDB CHARACTER SET = latin1 COLLATE = latin1_swedish_ci ROW_FORMAT = DYNAMIC;

-- ----------------------------
-- Records of deleteavatarinfo
-- ----------------------------
INSERT INTO `deleteavatarinfo` VALUES ('2022-01-18 22:31:59', 'kalmukhkan', 1, 0, 0, 0, 0, 1, 'Asdasdas', 2, 2, 0, 0, 0, 1, 0, 0, 0, 1, 1, 1, 1, 0, 0, 0, 0, '0000000000000000000000000000000000000000000000000000020000000000000000000000002100000000000000000000000000000000000000000000000022000000000000000000000000000000000000000000000000180000000000000000000000000000000000000000000000000000000000000000000000000000000000000000000000000000000000000000000000000000000000000000000000000', 20220125, 0, 0x303130323630303031323030303030303030303030303030303030303030303030303030303030303030303030303030303030303030303030303030303030303030303030303030303030303030303030303030303030303030303030303030303030303030303030303030303030303030303030303030303030303030303030303030303030303030303030303030303030303030303030303030303030303030303030303030303030303030303030303030303030303030303030303030303030303030303030303030303030303030303030303030303030303030303030303030303030303030303030303030303030303030303030303030303030303030303030303030303030303030303030303030303030303030303030303030303030303030303030303030303030303030303030303030303030303030303030303030303030303030303030303030303030303030303030303030303030303030303030303030303030303030303030303030303030303030303030303030303030303030303030303030303030303030303030303030303030303030303030303030303030303030303030303030303030303030303030303030303030303030303030303030303030303030303030303030303030303030303030303030303030303030303030303030303030303030303030303030303030303030303030303030303030303030303030303030303030303030303030303030303030303030303030303030303030303030303030303030303030303030303030303030303030303030303030303030303030303030303030303030303030303030303030303030303030303030303030303030303030303030303030303030303030303030303030303030303030303030303030303030303030303030303030303030303030303030303030303030303030303030303030303030303030303030303030303030303030303030303030303030303030303030303030303030303030303030303030303030303030303030303030303030303030303030303030303030303030303030303030303030303030303030303030303030303030303030303030303030303030303030303030303030303030303030303030303030303030303030303030303030303030303030303030303030303030303030303030303030303030303030303030303030303030303030303030303030303030303030303030303030303030303030303030303030303030303030303030303030303030303030303030303030303030303030303030303030303030303030303030303030303030303030303030303030303030303030303030303030303030303030303030303030303030303030303030303030303030303030303030303030303030303030303030303030303030303030303030303030303030303030303030303030303030303030303030303030303030303030303030303030303030303030303030303030303030303030303030303030303030303030303030303030303030303030303030303030303030303030303030303030303030303030303030303030303030303030303030303030303030303030303030303030303030303030303030303030303030303030303030303030303030303030303030303030303030303030303030303030303030303030303030303030303030303030303030303030303030303030303030303030303030303030303030303030303030303030303030303030303030303030303030303030303030303030303030303030303030303030303030303030303030303030303030303030303030303030303030303030303030303030303030303030303030303030303030303030303030303030303030303030303030303030303030303030303030303030303030303030303030303030303030303030303030303030303030303030303030303030303030303030303030303030303030303030303030303030303030303030303030303030303030303030303030303030303030303030303030303030303030303030303030303030303030303030303030303030303030303030303030303030303030303030303030303030303030303030303030303030303030303030303030303030303030303030303030303030303030303030303030303030303030303030303030303030303030303030303030303030303030303030303030303030303030303030303030303030303030303030303030303030303030303030303030303030303030303030303030303030303030303030303030303030303030303030303030303030303030303030303030303030303030303030303030303030303030303030303030303030303030303030303030303030303030303030303030303030303030303030303030303030303030303030303030303030303030303030303030303030303030303030303030303030303030303030303030303030303030303030303030303030303030303030303030303030303030303030303030303030303030303030303030303030303030303030303030303030303030303030303030303030303030303030303030303030303030303030303030303030303030303030303030303030303030303030303030303030303030303030303030303030303030303030303030303030303030303030303030303030303030303030303030303030303030303030303030303030303030303030303030303030303030303030303030303030303030303030303030303030303030303030303030303030303030303030303030303030303030303030303030303030303030303030303030303030303030303030303030303030303030303030303030303030303030303030303030303030303030303030303030303030303030303030303030303030303030303030303030303030303030303030303030303030303030303030303030303030303030303030303030303030303030303030303030303030303030303030303030303030303030303030303030303030303030303030303030303030303030303030303030303030303030303030303030303030303030303030303030303030303030303030303030303030303030303030303030303030303030303030303030303030303030303030303030303030303030303030303030303030303030303030303030303030303030303030303030303030303030303030303030303030303030303030303030303030303030303030303030303030303030303030303030303030303030303030303030303030303030303030303030303030303030303030303030303030303030303030303030303030303030303030303030303030303030303030303030303030303030303030303030303030303030303030303030303030303030303030303030303030303030303030303030303030303030303030303030303030303030303030303030303030303030303030303030303030303030303030303030303030303030303030303030303030303030303030303030303030303030303030303030303030303030303030303030303030303030303030303030303030303030303030303030303030303030303030303030303030303030303030303030303030303030303030303030303030303030303030303030303030303030303030303030303030303030303030303030303030303030303030303030303030303030303030303030303030303030303030303030303030303030303030303030303030303030303030303030303030303030303030303030303030303030303030303030303030303030303030303030303030303030303030303030303030303030303030303030303030303030303030303030303030303030303030303030303030303030303030303030303030303030303030303030303030303030303030303030303030303030303030303030303030303030303030303030303030303030303030303030303030303030303030303030303030303030303030303030303030303030303030303030303030303030303030303030303030303030303030303030303030303030303030303030303030303030303030303030303030303030303030303030303030303030303030303030303030303030303030303030303030303030303030303030303030303030303030303030303030303030303030303030303030303030303030303030303030303030303030303030303030303030303030303030303030303030303030303030303030303030303030303030303030303030303030303030303030303030303030303030303030303030303030303030303030303030303030303030303030303030303030303030303030303030303030303030303030303030303030303030303030303030303030303030303030303030303030303030303030303030303030303030303030303030303030303030303030303030303030303030303030303030303030303030303030303030303030303030303030303030303030303030303030303030303030303030303030303030303030303030303030303030303030303030303030303030303030303030303030303030303030303030303030303030303030303030303030303030303030303030303030303030303030303030303030303030303030303030303030303030303030303030303030303030303030, 0, 0x3030303030303030303030303030303030303030303030303030303030303030303030303030303030303030303030303030303030303030303030303030303030303030303030303030303030303030303030303030303030303030303030303030303030303030303030303030303030303030303030303030303030303030303030303030303030303030303030303030303030303030303030303030303030303030303030303030303030303030303030303030303030303030303030303030303030303030, 20220125, 0, 0x3030303030303030303030303030303030303030303030303030303030303030303030303030303030303030303030303030303030303030303030303030303030303030303030303030303030303030303030303030303030303030303030303030303030303030303030303030303030303030303030303030303030303030303030303030303030303030303030303030303030303030303030303030303030303030303030303030303030303030303030303030303030303030303030303030303030303030303030303030303030303030303030303030303030303030303030303030303030303030303030303030303030303030303030303030303030303030303030303030303030303030303030303030303030303030303030303030303030303030303030303030303030303030303030303030303030303030303030303030303030303030303030303030303030303030303030303030303030303030303030303030303030303030303030303030303030303030303030303030303030303030303030303030303030303030303030303030303030303030303030303030303030303030303030303030303030303030303030303030303030303030303030303030303030303030303030303030303030303030303030303030303030303030303030303030303030303030303030303030303030303030303030303030303030303030303030303030303030303030303030303030303030303030303030303030303030303030303030303030303030303030303030303030303030303030303030303030303030303030303030303030303030303030303030303030303030303030303030303030303030303030303030303030303030303030303030303030303030303030303030303030303030303030303030303030303030303030303030303030303030303030303030303030303030303030303030303030303030303030303030303030303030303030303030303030303030303030303030303030303030303030303030303030303030303030303030303030303030303030303030303030303030303030303030303030303030303030303030303030303030303030303030303030303030303030303030303030303030303030303030303030303030303030303030303030303030303030303030303030303030303030303030303030303030303030303030303030303030303030303030303030303030303030303030303030303030303030303030303030303030303030303030303030303030303030303030303030303030303030303030303030303030303030303030303030303030303030303030303030303030303030303030303030303030303030303030303030303030303030303030303030303030303030303030303030303030303030303030303030303030303030303030303030303030303030303030303030303030303030303030303030303030303030303030303030303030303030303030303030303030303030303030303030303030303030303030303030303030303030303030303030303030303030303030303030303030303030303030303030303030303030303030303030303030303030303030303030303030303030303030303030303030303030303030303030303030303030303030303030303030303030303030303030303030303030303030303030303030303030303030303030303030303030303030303030303030303030303030303030303030303030303030303030303030303030303030303030303030303030303030303030303030303030303030303030303030303030303030303030303030303030303030303030303030303030303030303030303030303030303030303030303030303030303030303030303030303030, 0x303339303031303030303030303030303030303030303030303030303030303030303030303030303030303030303030303030303030303030303030303030303030303030303030303030303030303030303030303030303030303030303030303030303030303030303030303030303030303030303030303030303030303030303030303030303030303030303030303030303030303030303030303030303030303030303030303030303030303030303030303030303030303030303030303030303030303030303030303030303030303030303030303030303030303030303030303030303030303030303030, 0x303030333930303130313030303034303939303330303030343039393033303030303430393930333030303238303939303330303032383039393033303030323830393930333030303030303030303030303030303030303030303030303030303030303030303030303030303030303030303030303030303030303030303030303030303030303030303030303030303030303030303030303030303030303030303030303030303030303030303030303030303030303030303030303030303030303030303030303030303030303030303030303030303030303030303030303030303030303030303030303030303030303030303030303030303030303030303030303030303030303030303030303030303030303030303030303030303030303030303030303030303030303030303030303030303030303030303030303030303030303030303030303030303030303030303030303030303030303030303030303030303030303030303030303030303030303030303030303030303030303030303030303030303030303030303030303030303030303030303030303030, 0x30303030303030303030303030303030303030303030303030, '@@@@@@@@@@@@@@@@@@@@@@@@@@@@@@@@@@@@@@@@@@@@@@@@@@@@@@@@@@@@@@@@@@@@@@@@@@@@@@@@@@@@@@@@@@@@@@@@@@@@@@@@@@@@@@@@@@@@@@@@', '', '', 0, '', 0, '', 0, 1, 11, 447, 1, 440, 30, 21, 0, 0, 0, 0, 0, 0, 0, 0, 0, 0, 0, 0, 0, 0, 0, 0, 0, 0, 0, 0, 0, 0, 0, 0, -1, 0, 0, 0, 0, 0, 0, 0, 0, 0, 0, 0, -1, 0, 0, 0, 0, 0, 0, 0, 0, 0, 0, 0, 0, 0, 0, 0, 0, 0, 0, 0, 0, 0, 0, 0, 0, 0, 0, 0, 0, 0, 0, 99999999, 0, 0, 0, 0, 0, 0, 0, 0x30, 0x30, 0x30, 0x30, 0x30, 0, 0, 0, 0x30, 0x30, 0x30, 0x30, 0x30, 0, 0, 0, 0, 0, 0);

-- ----------------------------
-- Table structure for eventinfo
-- ----------------------------
DROP TABLE IF EXISTS `eventinfo`;
CREATE TABLE `eventinfo`  (
  `uID` varchar(12) CHARACTER SET utf8 COLLATE utf8_general_ci NULL DEFAULT '0',
  `uEventNum01` int NULL DEFAULT NULL,
  `uEventNum02` int NULL DEFAULT NULL
) ENGINE = MyISAM CHARACTER SET = utf8 COLLATE = utf8_general_ci ROW_FORMAT = DYNAMIC;

-- ----------------------------
-- Records of eventinfo
-- ----------------------------

-- ----------------------------
-- Table structure for giftinfo
-- ----------------------------
DROP TABLE IF EXISTS `giftinfo`;
CREATE TABLE `giftinfo`  (
  `uID` int NOT NULL,
  `gData1` varchar(255) CHARACTER SET gb2312 COLLATE gb2312_bin NULL DEFAULT NULL,
  `gNumber1` int NULL DEFAULT NULL,
  `gData2` varchar(255) CHARACTER SET gb2312 COLLATE gb2312_bin NULL DEFAULT NULL,
  `gNumber2` int NULL DEFAULT NULL,
  `gData3` varchar(255) CHARACTER SET gb2312 COLLATE gb2312_bin NULL DEFAULT NULL,
  `gNumber3` int NULL DEFAULT NULL,
  `gData4` varchar(255) CHARACTER SET gb2312 COLLATE gb2312_bin NULL DEFAULT NULL,
  `gNumber4` int NULL DEFAULT NULL,
  `gData5` varchar(255) CHARACTER SET gb2312 COLLATE gb2312_bin NULL DEFAULT NULL,
  `gNumber5` int NULL DEFAULT NULL,
  `gCard` varchar(255) CHARACTER SET gb2312 COLLATE gb2312_bin NULL DEFAULT NULL,
  PRIMARY KEY (`uID`) USING BTREE
) ENGINE = InnoDB CHARACTER SET = gb2312 COLLATE = gb2312_bin ROW_FORMAT = COMPACT;

-- ----------------------------
-- Records of giftinfo
-- ----------------------------

-- ----------------------------
-- Table structure for giftitemlist
-- ----------------------------
DROP TABLE IF EXISTS `giftitemlist`;
CREATE TABLE `giftitemlist`  (
  `gGiftItemSetNumber` int NULL DEFAULT NULL,
  `gGiftItem01` int NULL DEFAULT NULL,
  `gGiftItem01Cnt` int NULL DEFAULT NULL,
  `gGiftItem02` int NULL DEFAULT NULL,
  `gGiftItem02Cnt` int NULL DEFAULT NULL,
  `gGiftItem03` int NULL DEFAULT NULL,
  `gGiftItem03Cnt` int NULL DEFAULT NULL,
  `gGiftItem04` int NULL DEFAULT NULL,
  `gGiftItem04Cnt` int NULL DEFAULT NULL,
  `gGiftItem05` int NULL DEFAULT NULL,
  `gGiftItem05Cnt` int NULL DEFAULT NULL,
  `gGiftItem06` int NULL DEFAULT NULL,
  `gGiftItem06Cnt` int NULL DEFAULT NULL,
  `gGiftItem07` int NULL DEFAULT NULL,
  `gGiftItem07Cnt` int NULL DEFAULT NULL,
  `gGiftItem08` int NULL DEFAULT NULL,
  `gGiftItem08Cnt` int NULL DEFAULT NULL,
  `gGiftItem09` int NULL DEFAULT NULL,
  `gGiftItem09Cnt` int NULL DEFAULT NULL,
  `gGiftItem10` int NULL DEFAULT NULL,
  `gGiftItem10Cnt` int NULL DEFAULT NULL
) ENGINE = MyISAM CHARACTER SET = utf8 COLLATE = utf8_general_ci ROW_FORMAT = FIXED;

-- ----------------------------
-- Records of giftitemlist
-- ----------------------------

-- ----------------------------
-- Table structure for gm_xy
-- ----------------------------
DROP TABLE IF EXISTS `gm_xy`;
CREATE TABLE `gm_xy`  (
  `uID` varchar(12) CHARACTER SET utf8 COLLATE utf8_general_ci NULL DEFAULT '0',
  `uPassword` varchar(50) CHARACTER SET utf8 COLLATE utf8_general_ci NULL DEFAULT '0',
  `GM_DJ` int NULL DEFAULT NULL,
  `uUpdateTime` datetime NULL DEFAULT NULL,
  `email` varchar(50) CHARACTER SET utf8 COLLATE utf8_general_ci NULL DEFAULT NULL
) ENGINE = MyISAM CHARACTER SET = utf8 COLLATE = utf8_general_ci ROW_FORMAT = DYNAMIC;

-- ----------------------------
-- Records of gm_xy
-- ----------------------------

-- ----------------------------
-- Table structure for guildinfo
-- ----------------------------
DROP TABLE IF EXISTS `guildinfo`;
CREATE TABLE `guildinfo`  (
  `gInsertTime` datetime NULL DEFAULT NULL,
  `aWorldNumber` int NULL DEFAULT NULL,
  `gName` varchar(50) CHARACTER SET utf8 COLLATE utf8_general_ci NOT NULL DEFAULT '',
  `gGrade` int NULL DEFAULT NULL,
  `gMaster01` varchar(20) CHARACTER SET utf8 COLLATE utf8_general_ci NULL DEFAULT NULL,
  `gSubMaster01` varchar(20) CHARACTER SET utf8 COLLATE utf8_general_ci NULL DEFAULT NULL,
  `gSubMaster02` varchar(20) CHARACTER SET utf8 COLLATE utf8_general_ci NULL DEFAULT NULL,
  `gMember` varchar(851) CHARACTER SET utf8 COLLATE utf8_general_ci NULL DEFAULT NULL,
  `gNotice01` varchar(200) CHARACTER SET utf8 COLLATE utf8_general_ci NULL DEFAULT NULL,
  `gNotice02` varchar(200) CHARACTER SET utf8 COLLATE utf8_general_ci NULL DEFAULT NULL,
  `gNotice03` varchar(200) CHARACTER SET utf8 COLLATE utf8_general_ci NULL DEFAULT NULL,
  `gNotice04` varchar(200) CHARACTER SET utf8 COLLATE utf8_general_ci NULL DEFAULT NULL,
  PRIMARY KEY (`gName`) USING BTREE
) ENGINE = MyISAM CHARACTER SET = utf8 COLLATE = utf8_general_ci ROW_FORMAT = DYNAMIC;

-- ----------------------------
-- Records of guildinfo
-- ----------------------------

-- ----------------------------
-- Table structure for hackinfo
-- ----------------------------
DROP TABLE IF EXISTS `hackinfo`;
CREATE TABLE `hackinfo`  (
  `hName` varchar(200) CHARACTER SET utf8 COLLATE utf8_general_ci NOT NULL,
  `hSize` int NOT NULL,
  PRIMARY KEY (`hName`) USING BTREE
) ENGINE = MyISAM CHARACTER SET = utf8 COLLATE = utf8_general_ci ROW_FORMAT = DYNAMIC;

-- ----------------------------
-- Records of hackinfo
-- ----------------------------

-- ----------------------------
-- Table structure for masterinfo
-- ----------------------------
DROP TABLE IF EXISTS `masterinfo`;
CREATE TABLE `masterinfo`  (
  `aUpdateTime` datetime NULL DEFAULT NULL,
  `aWorldNumber` int NULL DEFAULT NULL,
  `uID` varchar(12) CHARACTER SET utf8 COLLATE utf8_general_ci NOT NULL,
  `uSaveMoney` int NULL DEFAULT NULL,
  `uSaveMoney2` int NULL DEFAULT NULL,
  `uSaveItem` varchar(3457) CHARACTER SET utf8 COLLATE utf8_general_ci NULL DEFAULT NULL,
  `aName01` varchar(50) CHARACTER SET utf8 COLLATE utf8_general_ci NULL DEFAULT NULL,
  `aName02` varchar(50) CHARACTER SET utf8 COLLATE utf8_general_ci NULL DEFAULT NULL,
  `aName03` varchar(50) CHARACTER SET utf8 COLLATE utf8_general_ci NULL DEFAULT NULL,
  PRIMARY KEY (`uID`) USING BTREE
) ENGINE = MyISAM CHARACTER SET = utf8 COLLATE = utf8_general_ci ROW_FORMAT = DYNAMIC;

-- ----------------------------
-- Records of masterinfo
-- ----------------------------
INSERT INTO `masterinfo` VALUES ('2022-01-18 21:54:55', 1, '2', 0, 0, '0000000000000000000000000000000000000000000000000000000000000000000000000000000000000000000000000000000000000000000000000000000000000000000000000000000000000000000000000000000000000000000000000000000000000000000000000000000000000000000000000000000000000000000000000000000000000000000000000000000000000000000000000000000000000000000000000000000000000000000000000000000000000000000000000000000000000000000000000000000000000000000000000000000000000000000000000000000000000000000000000000000000000000000000000000000000000000000000000000000000000000000000000000000000000000000000000000000000000000000000000000000000000000000000000000000000000000000000000000000000000000000000000000000000000000000000000000', 'Kalmukhan', '', '');
INSERT INTO `masterinfo` VALUES ('2022-01-30 16:00:00', 1, '1', 0, 0, '0000000000000000000000000000000000000000000000000000000000000000000000000000000000000000000000000000000000000000000000000000000000000000000000000000000000000000000000000000000000000000000000000000000000000000000000000000000000000000000000000000000000000000000000000000000000000000000000000000000000000000000000000000000000000000000000000000000000000000000000000000000000000000000000000000000000000000000000000000000000000000000000000000000000000000000000000000000000000000000000000000000000000000000000000000000000000000000000000000000000000000000000000000000000000000000000000000000000000000000000000000000000000000000000000000000000000000000000000000000000000000000000000000000000000000000000000000', 'Muhammet', '11', '');

-- ----------------------------
-- Table structure for memberauth
-- ----------------------------
DROP TABLE IF EXISTS `memberauth`;
CREATE TABLE `memberauth`  (
  `uID` varchar(12) CHARACTER SET utf8 COLLATE utf8_general_ci NOT NULL DEFAULT '0',
  `AuthType` int NULL DEFAULT 0,
  `FindFlag` int NULL DEFAULT 0,
  `MoveFlag` int NULL DEFAULT 0,
  `MoveZoneFlag` int NULL DEFAULT 0,
  `CallFlag` int NULL DEFAULT 0,
  `HideFlag` int NULL DEFAULT 0,
  `ShowFlag` int NULL DEFAULT 0,
  `KickFlag` int NULL DEFAULT 0,
  `BlockFlag` int NULL DEFAULT 0,
  `MonCallFlag` int NULL DEFAULT 0,
  `EquipFlag` int NULL DEFAULT 0,
  `UnequipFlag` int NULL DEFAULT 0,
  `YchatFlag` int NULL DEFAULT 0,
  `NchatFlag` int NULL DEFAULT 0,
  `NoticeFlag` int NULL DEFAULT 0,
  `ItemFlag` int NULL DEFAULT 0,
  `MoneyFlag` int NULL DEFAULT 0,
  `ExpFlag` int NULL DEFAULT 0,
  `DieFlag` int NULL DEFAULT 0,
  `GodFlag` int NULL DEFAULT 0,
  `ChatFlag` int NULL DEFAULT 0,
  `TradeFlag` int NULL DEFAULT 0,
  `ShopFlag` int NULL DEFAULT 0,
  `PShopFlag` int NULL DEFAULT 0,
  `GItemFlag` int NULL DEFAULT 0,
  `DItemFlag` int NULL DEFAULT 0,
  `AttackFlag` int NULL DEFAULT 0,
  `UZonemoveFlag` int NULL DEFAULT 0,
  `Explock` int NULL DEFAULT 0
) ENGINE = MyISAM CHARACTER SET = utf8 COLLATE = utf8_general_ci ROW_FORMAT = DYNAMIC;

-- ----------------------------
-- Records of memberauth
-- ----------------------------
INSERT INTO `memberauth` VALUES ('1', 1, 1, 1, 1, 1, 1, 1, 1, 1, 1, 1, 1, 1, 1, 1, 1, 1, 1, 1, 1, 1, 1, 1, 1, 0, 0, 0, 0, 1);

-- ----------------------------
-- Table structure for memberinfo
-- ----------------------------
DROP TABLE IF EXISTS `memberinfo`;
CREATE TABLE `memberinfo`  (
  `uID` varchar(12) CHARACTER SET utf8 COLLATE utf8_general_ci NULL DEFAULT '0',
  `uPassword` varchar(50) CHARACTER SET utf8 COLLATE utf8_general_ci NULL DEFAULT '0',
  `uUseState` int NULL DEFAULT 0,
  `uLoginState` int NULL DEFAULT 0,
  `uUpdateTime` datetime NULL DEFAULT NULL,
  `uIP` varchar(16) CHARACTER SET utf8 COLLATE utf8_general_ci NULL DEFAULT '127.0.0.1',
  `uBlockInfo` int NULL DEFAULT 0,
  `uMousePassword` varchar(5) CHARACTER SET utf8 COLLATE utf8_general_ci NULL DEFAULT '',
  `uBonus100Money` varchar(20) CHARACTER SET utf8 COLLATE utf8_general_ci NULL DEFAULT '0',
  `aWorldNumber` int NULL DEFAULT 0,
  `uCash` int NULL DEFAULT 0,
  `uBonusCash` int NULL DEFAULT 1,
  `uCheckMOTP` int NULL DEFAULT 0,
  `uSecretCard` int NULL DEFAULT 0,
  `uUserSort` int NULL DEFAULT 0,
  `uGoodFellow` int NULL DEFAULT 0,
  `uLoginPlace` int NULL DEFAULT 0,
  `uLoginPremium` int NULL DEFAULT 0,
  `uTraceState` int NULL DEFAULT 0,
  `uPremiumServerExpirationDate` int NULL DEFAULT 0,
  `email` varchar(50) CHARACTER SET utf8 COLLATE utf8_general_ci NULL DEFAULT NULL,
  `uLock` int NULL DEFAULT 1,
  UNIQUE INDEX `uID`(`uID`) USING BTREE
) ENGINE = MyISAM CHARACTER SET = utf8 COLLATE = utf8_general_ci ROW_FORMAT = DYNAMIC;

-- ----------------------------
-- Records of memberinfo
-- ----------------------------
INSERT INTO `memberinfo` VALUES ('2', '2', 0, 0, NULL, '127.0.0.1', 0, '0000', '0', 0, 0, 999999, 0, 0, 0, 0, 0, 0, 0, 0, NULL, 0);
INSERT INTO `memberinfo` VALUES ('1', '1', 0, 0, '2022-01-30 16:24:38', '127.0.0.1', 0, '0000', '0', 0, 0, 1, 0, 0, 1, 0, 0, 0, 0, 0, NULL, 0);

-- ----------------------------
-- Table structure for pcroomipinfo
-- ----------------------------
DROP TABLE IF EXISTS `pcroomipinfo`;
CREATE TABLE `pcroomipinfo`  (
  `uStartIP` varchar(20) CHARACTER SET utf8 COLLATE utf8_general_ci NULL DEFAULT NULL,
  `uEndIP` varchar(20) CHARACTER SET utf8 COLLATE utf8_general_ci NULL DEFAULT NULL
) ENGINE = MyISAM CHARACTER SET = utf8 COLLATE = utf8_general_ci ROW_FORMAT = DYNAMIC;

-- ----------------------------
-- Records of pcroomipinfo
-- ----------------------------

-- ----------------------------
-- Table structure for rankinfo
-- ----------------------------
DROP TABLE IF EXISTS `rankinfo`;
CREATE TABLE `rankinfo`  (
  `aInsertTime` datetime NULL DEFAULT NULL,
  `aUpdateTime` datetime NULL DEFAULT NULL,
  `uID` varchar(12) CHARACTER SET utf8 COLLATE utf8_general_ci NOT NULL DEFAULT '0',
  `aWorldNumber` int NULL DEFAULT NULL,
  `aName` varchar(100) CHARACTER SET utf8 COLLATE utf8_general_ci NOT NULL DEFAULT '',
  `aTribe` int NULL DEFAULT NULL,
  `aPreviousTribe` int NULL DEFAULT NULL,
  `aLevel` int NULL DEFAULT NULL,
  `aGeneralExperience` int NULL DEFAULT NULL,
  `aGuildName` varchar(100) CHARACTER SET utf8 COLLATE utf8_general_ci NULL DEFAULT NULL,
  `aKillOtherTribe` int NULL DEFAULT NULL,
  PRIMARY KEY (`aName`) USING BTREE
) ENGINE = MyISAM CHARACTER SET = utf8 COLLATE = utf8_general_ci ROW_FORMAT = DYNAMIC;

-- ----------------------------
-- Records of rankinfo
-- ----------------------------

-- ----------------------------
-- Table structure for recommandinfo
-- ----------------------------
DROP TABLE IF EXISTS `recommandinfo`;
CREATE TABLE `recommandinfo`  (
  `Island` int NULL DEFAULT NULL,
  `Partition` int NULL DEFAULT NULL,
  `World` int NOT NULL DEFAULT 0,
  PRIMARY KEY (`World`) USING BTREE
) ENGINE = MyISAM CHARACTER SET = utf8 COLLATE = utf8_general_ci ROW_FORMAT = FIXED;

-- ----------------------------
-- Records of recommandinfo
-- ----------------------------
INSERT INTO `recommandinfo` VALUES (0, 0, 1);

-- ----------------------------
-- Table structure for secretcardinfo
-- ----------------------------
DROP TABLE IF EXISTS `secretcardinfo`;
CREATE TABLE `secretcardinfo`  (
  `cID` int NOT NULL DEFAULT 0,
  `cNumber01` int NULL DEFAULT NULL,
  `cNumber02` int NULL DEFAULT NULL,
  `cNumber03` int NULL DEFAULT NULL,
  `cNumber04` int NULL DEFAULT NULL,
  `cNumber05` int NULL DEFAULT NULL,
  `cNumber06` int NULL DEFAULT NULL,
  `cNumber07` int NULL DEFAULT NULL,
  `cNumber08` int NULL DEFAULT NULL,
  `cNumber09` int NULL DEFAULT NULL,
  `cNumber10` int NULL DEFAULT NULL,
  `cNumber11` int NULL DEFAULT NULL,
  `cNumber12` int NULL DEFAULT NULL,
  `cNumber13` int NULL DEFAULT NULL,
  `cNumber14` int NULL DEFAULT NULL,
  `cNumber15` int NULL DEFAULT NULL,
  `cNumber16` int NULL DEFAULT NULL,
  `cNumber17` int NULL DEFAULT NULL,
  `cNumber18` int NULL DEFAULT NULL,
  `cNumber19` int NULL DEFAULT NULL,
  `cNumber20` int NULL DEFAULT NULL,
  `cNumber21` int NULL DEFAULT NULL,
  `cNumber22` int NULL DEFAULT NULL,
  `cNumber23` int NULL DEFAULT NULL,
  `cNumber24` int NULL DEFAULT NULL,
  `cNumber25` int NULL DEFAULT NULL,
  `cNumber26` int NULL DEFAULT NULL,
  `cNumber27` int NULL DEFAULT NULL,
  `cNumber28` int NULL DEFAULT NULL,
  `cNumber29` int NULL DEFAULT NULL,
  `cNumber30` int NULL DEFAULT NULL,
  `cNumber31` int NULL DEFAULT NULL,
  `cNumber32` int NULL DEFAULT NULL,
  `cNumber33` int NULL DEFAULT NULL,
  `cNumber34` int NULL DEFAULT NULL,
  `cNumber35` int NULL DEFAULT NULL,
  `cNumber36` int NULL DEFAULT NULL,
  `cNumber37` int NULL DEFAULT NULL,
  `cNumber38` int NULL DEFAULT NULL,
  `cNumber39` int NULL DEFAULT NULL,
  `cNumber40` int NULL DEFAULT NULL,
  `cNumber41` int NULL DEFAULT NULL,
  `cNumber42` int NULL DEFAULT NULL,
  `cNumber43` int NULL DEFAULT NULL,
  `cNumber44` int NULL DEFAULT NULL,
  `cNumber45` int NULL DEFAULT NULL,
  `cNumber46` int NULL DEFAULT NULL,
  `cNumber47` int NULL DEFAULT NULL,
  `cNumber48` int NULL DEFAULT NULL,
  `cNumber49` int NULL DEFAULT NULL,
  `cNumber50` int NULL DEFAULT NULL,
  PRIMARY KEY (`cID`) USING BTREE
) ENGINE = MyISAM CHARACTER SET = utf8 COLLATE = utf8_general_ci ROW_FORMAT = FIXED;

-- ----------------------------
-- Records of secretcardinfo
-- ----------------------------

-- ----------------------------
-- Table structure for status
-- ----------------------------
DROP TABLE IF EXISTS `status`;
CREATE TABLE `status`  (
  `state` int NOT NULL
) ENGINE = InnoDB CHARACTER SET = utf8 COLLATE = utf8_unicode_ci ROW_FORMAT = COMPACT;

-- ----------------------------
-- Records of status
-- ----------------------------
INSERT INTO `status` VALUES (1);

-- ----------------------------
-- Table structure for tribecontrol
-- ----------------------------
DROP TABLE IF EXISTS `tribecontrol`;
CREATE TABLE `tribecontrol`  (
  `aWorldNumber` int NOT NULL,
  `aTribeType0Count` int NULL DEFAULT NULL,
  `aTribeType1Count` int NULL DEFAULT NULL,
  `aTribeType2Count` int NULL DEFAULT NULL,
  `aCreateFlag0` int NULL DEFAULT 0,
  `aCreateFlag1` int NULL DEFAULT 0,
  `aCreateFlag2` int NULL DEFAULT 0,
  PRIMARY KEY (`aWorldNumber`) USING BTREE
) ENGINE = MyISAM CHARACTER SET = utf8 COLLATE = utf8_general_ci ROW_FORMAT = FIXED;

-- ----------------------------
-- Records of tribecontrol
-- ----------------------------
INSERT INTO `tribecontrol` VALUES (1, 2, 0, 1, 1, 1, 1);

-- ----------------------------
-- Table structure for tribeinfo
-- ----------------------------
DROP TABLE IF EXISTS `tribeinfo`;
CREATE TABLE `tribeinfo`  (
  `mTribeVoteInfo` varchar(1040) CHARACTER SET utf8 COLLATE utf8_general_ci NULL DEFAULT NULL,
  `mTribe01Master` varchar(220) CHARACTER SET utf8 COLLATE utf8_general_ci NULL DEFAULT NULL,
  `mTribe01SubMasterInfo` varchar(144) CHARACTER SET utf8 COLLATE utf8_general_ci NULL DEFAULT NULL,
  `mTribe02Master` varchar(220) CHARACTER SET utf8 COLLATE utf8_general_ci NULL DEFAULT NULL,
  `mTribe02SubMasterInfo` varchar(144) CHARACTER SET utf8 COLLATE utf8_general_ci NULL DEFAULT NULL,
  `mTribe03Master` varchar(220) CHARACTER SET utf8 COLLATE utf8_general_ci NULL DEFAULT NULL,
  `mTribe03SubMasterInfo` varchar(144) CHARACTER SET utf8 COLLATE utf8_general_ci NULL DEFAULT NULL,
  `mTribe04Master` varchar(220) CHARACTER SET utf8 COLLATE utf8_general_ci NULL DEFAULT NULL,
  `mTribe04SubMasterInfo` varchar(144) CHARACTER SET utf8 COLLATE utf8_general_ci NULL DEFAULT NULL,
  `aWorldNumber` int NULL DEFAULT NULL,
  `mUpdateTime` datetime NOT NULL,
  PRIMARY KEY (`mUpdateTime`) USING BTREE
) ENGINE = MyISAM CHARACTER SET = utf8 COLLATE = utf8_general_ci ROW_FORMAT = DYNAMIC;

-- ----------------------------
-- Records of tribeinfo
-- ----------------------------
INSERT INTO `tribeinfo` VALUES ('', '', '', '', '', '', '', '', '', 1, '2021-02-02 09:43:43');

-- ----------------------------
-- Table structure for tribeinfo_copy
-- ----------------------------
DROP TABLE IF EXISTS `tribeinfo_copy`;
CREATE TABLE `tribeinfo_copy`  (
  `mTribeVoteInfo` varchar(1040) CHARACTER SET utf8 COLLATE utf8_general_ci NULL DEFAULT NULL,
  `mTribe01Master` varchar(220) CHARACTER SET utf8 COLLATE utf8_general_ci NULL DEFAULT NULL,
  `mTribe01SubMasterInfo` varchar(144) CHARACTER SET utf8 COLLATE utf8_general_ci NULL DEFAULT NULL,
  `mTribe02Master` varchar(220) CHARACTER SET utf8 COLLATE utf8_general_ci NULL DEFAULT NULL,
  `mTribe02SubMasterInfo` varchar(144) CHARACTER SET utf8 COLLATE utf8_general_ci NULL DEFAULT NULL,
  `mTribe03Master` varchar(220) CHARACTER SET utf8 COLLATE utf8_general_ci NULL DEFAULT NULL,
  `mTribe03SubMasterInfo` varchar(144) CHARACTER SET utf8 COLLATE utf8_general_ci NULL DEFAULT NULL,
  `mTribe04Master` varchar(220) CHARACTER SET utf8 COLLATE utf8_general_ci NULL DEFAULT NULL,
  `mTribe04SubMasterInfo` varchar(144) CHARACTER SET utf8 COLLATE utf8_general_ci NULL DEFAULT NULL,
  `aWorldNumber` int NULL DEFAULT NULL,
  `mUpdateTime` datetime NOT NULL,
  PRIMARY KEY (`mUpdateTime`) USING BTREE
) ENGINE = MyISAM CHARACTER SET = utf8 COLLATE = utf8_general_ci ROW_FORMAT = DYNAMIC;

-- ----------------------------
-- Records of tribeinfo_copy
-- ----------------------------

-- ----------------------------
-- Table structure for user_access_menu
-- ----------------------------
DROP TABLE IF EXISTS `user_access_menu`;
CREATE TABLE `user_access_menu`  (
  `id` int NOT NULL AUTO_INCREMENT,
  `u_sort` int NULL DEFAULT NULL,
  `menu_id` int NULL DEFAULT NULL,
  PRIMARY KEY (`id`) USING BTREE
) ENGINE = InnoDB AUTO_INCREMENT = 8 CHARACTER SET = utf8 COLLATE = utf8_unicode_ci ROW_FORMAT = COMPACT;

-- ----------------------------
-- Records of user_access_menu
-- ----------------------------
INSERT INTO `user_access_menu` VALUES (1, 1, 1);
INSERT INTO `user_access_menu` VALUES (2, 1, 2);
INSERT INTO `user_access_menu` VALUES (3, 0, 2);
INSERT INTO `user_access_menu` VALUES (4, 100, 1);
INSERT INTO `user_access_menu` VALUES (5, 100, 2);
INSERT INTO `user_access_menu` VALUES (6, 1, 3);
INSERT INTO `user_access_menu` VALUES (7, 100, 3);

-- ----------------------------
-- Table structure for user_menu
-- ----------------------------
DROP TABLE IF EXISTS `user_menu`;
CREATE TABLE `user_menu`  (
  `id` int NOT NULL AUTO_INCREMENT,
  `menu` varchar(128) CHARACTER SET utf8 COLLATE utf8_unicode_ci NULL DEFAULT NULL,
  PRIMARY KEY (`id`) USING BTREE
) ENGINE = InnoDB AUTO_INCREMENT = 4 CHARACTER SET = utf8 COLLATE = utf8_unicode_ci ROW_FORMAT = COMPACT;

-- ----------------------------
-- Records of user_menu
-- ----------------------------
INSERT INTO `user_menu` VALUES (1, 'Admin');
INSERT INTO `user_menu` VALUES (2, 'User');
INSERT INTO `user_menu` VALUES (3, 'Menu');

-- ----------------------------
-- Table structure for user_submenu
-- ----------------------------
DROP TABLE IF EXISTS `user_submenu`;
CREATE TABLE `user_submenu`  (
  `id` int NOT NULL AUTO_INCREMENT,
  `menu_id` int NOT NULL,
  `title` varchar(255) CHARACTER SET utf8 COLLATE utf8_unicode_ci NULL DEFAULT NULL,
  `url` varchar(255) CHARACTER SET utf8 COLLATE utf8_unicode_ci NULL DEFAULT NULL,
  `icon` varchar(255) CHARACTER SET utf8 COLLATE utf8_unicode_ci NULL DEFAULT NULL,
  `is_active` int NULL DEFAULT NULL,
  PRIMARY KEY (`id`) USING BTREE
) ENGINE = InnoDB AUTO_INCREMENT = 7 CHARACTER SET = utf8 COLLATE = utf8_unicode_ci ROW_FORMAT = COMPACT;

-- ----------------------------
-- Records of user_submenu
-- ----------------------------
INSERT INTO `user_submenu` VALUES (1, 1, 'Dashboard', 'admin', 'fas fa-fw fa-tachometer-alt', 1);
INSERT INTO `user_submenu` VALUES (2, 2, 'MemberInfo', 'user', 'fas fa-fw fa-users', 1);
INSERT INTO `user_submenu` VALUES (3, 2, 'Edit User', 'user/edit', 'fas fa-fw fa-user-edit', 1);
INSERT INTO `user_submenu` VALUES (4, 3, 'Menu Management', 'menu', 'fas fa-fw fa-folder-minus', 1);
INSERT INTO `user_submenu` VALUES (5, 3, 'SubMenu Management', 'menu/submenu', 'fas fa-fw fa-folder-open', 1);
INSERT INTO `user_submenu` VALUES (6, 2, 'Download', 'download', 'fas fa-fw fa-download', 1);

-- ----------------------------
-- Table structure for webmall
-- ----------------------------
DROP TABLE IF EXISTS `webmall`;
CREATE TABLE `webmall`  (
  `gUseID` varchar(20) CHARACTER SET utf8 COLLATE utf8_general_ci NOT NULL,
  `gGiftItemSetNumber` int NULL DEFAULT NULL,
  `gPurchaseCnt` int NULL DEFAULT NULL,
  `gUsedCnt` int NULL DEFAULT NULL,
  `gWebMallSeq` int NULL DEFAULT NULL,
  PRIMARY KEY (`gUseID`) USING BTREE
) ENGINE = MyISAM CHARACTER SET = utf8 COLLATE = utf8_general_ci ROW_FORMAT = DYNAMIC;

-- ----------------------------
-- Records of webmall
-- ----------------------------

-- ----------------------------
-- Table structure for worldinfo
-- ----------------------------
DROP TABLE IF EXISTS `worldinfo`;
CREATE TABLE `worldinfo`  (
  `mZone38WinTribe` int NULL DEFAULT NULL,
  `mZone38WinTribeDate` datetime NULL DEFAULT NULL,
  `mTribe1Symbol` int NULL DEFAULT NULL,
  `mTribe1SymbolDate` datetime NULL DEFAULT NULL,
  `mTribe2Symbol` int NULL DEFAULT NULL,
  `mTribe2SymbolDate` datetime NULL DEFAULT NULL,
  `mTribe3Symbol` int NULL DEFAULT NULL,
  `mTribe3SymbolDate` datetime NULL DEFAULT NULL,
  `mTribe4Symbol` int NULL DEFAULT NULL,
  `mTribe4SymbolDate` datetime NULL DEFAULT NULL,
  `mMonsterSymbol` int NULL DEFAULT NULL,
  `mMonsterSymbolDate` datetime NULL DEFAULT NULL,
  `mTribe1Point` int NULL DEFAULT NULL,
  `mTribe2Point` int NULL DEFAULT NULL,
  `mTribe3Point` int NULL DEFAULT NULL,
  `mTribe4Point` int NULL DEFAULT NULL,
  `mCloseTime` datetime NULL DEFAULT NULL,
  `mCloseTribe` int NULL DEFAULT NULL,
  `mPossibleAlliance01Date` int NULL DEFAULT NULL,
  `mPossibleAlliance01Info` int NULL DEFAULT NULL,
  `mPossibleAlliance02Date` int NULL DEFAULT NULL,
  `mPossibleAlliance02Info` int NULL DEFAULT NULL,
  `mPossibleAlliance03Date` int NULL DEFAULT NULL,
  `mPossibleAlliance03Info` int NULL DEFAULT NULL,
  `mPossibleAlliance04Date` int NULL DEFAULT NULL,
  `mPossibleAlliance04Info` int NULL DEFAULT NULL,
  `mAlliance01Date` datetime NULL DEFAULT NULL,
  `mAlliance0101` int NULL DEFAULT NULL,
  `mAlliance0102` int NULL DEFAULT NULL,
  `mAlliance02Date` datetime NULL DEFAULT NULL,
  `mAlliance0201` int NULL DEFAULT NULL,
  `mAlliance0202` int NULL DEFAULT NULL,
  `mTribe1VoteDate` datetime NULL DEFAULT NULL,
  `mTribe1VoteState` int NULL DEFAULT NULL,
  `mTribe2VoteDate` datetime NULL DEFAULT NULL,
  `mTribe2VoteState` int NULL DEFAULT NULL,
  `mTribe3VoteDate` datetime NULL DEFAULT NULL,
  `mTribe3VoteState` int NULL DEFAULT NULL,
  `mTribe4VoteDate` datetime NULL DEFAULT NULL,
  `mTribe4VoteState` int NULL DEFAULT NULL,
  `mClose1VoteDate` datetime NULL DEFAULT NULL,
  `mClose1VoteState` int NULL DEFAULT NULL,
  `mClose2VoteDate` datetime NULL DEFAULT NULL,
  `mClose2VoteState` int NULL DEFAULT NULL,
  `mClose3VoteDate` datetime NULL DEFAULT NULL,
  `mClose3VoteState` int NULL DEFAULT NULL,
  `mClose4VoteDate` datetime NULL DEFAULT NULL,
  `mClose4VoteState` int NULL DEFAULT NULL,
  `mTribe4QuestDate` int NULL DEFAULT NULL,
  `mTribe4QuestState` int NULL DEFAULT NULL,
  `mTribe4QuestName` varchar(200) CHARACTER SET utf8 COLLATE utf8_general_ci NULL DEFAULT NULL,
  `aWorldNumber` int NOT NULL,
  PRIMARY KEY (`aWorldNumber`) USING BTREE
) ENGINE = MyISAM CHARACTER SET = utf8 COLLATE = utf8_general_ci ROW_FORMAT = DYNAMIC;

-- ----------------------------
-- Records of worldinfo
-- ----------------------------
INSERT INTO `worldinfo` VALUES (-1, '2021-01-05 07:51:55', 0, '2020-12-11 21:16:01', 1, '2020-12-11 21:21:15', 2, '2020-12-11 21:17:11', 3, '2020-12-11 21:16:01', -1, '2016-10-14 03:31:23', 100, 100, 100, 100, '2016-07-15 00:19:14', 0, 20161001, 1, 20161001, 1, 0, 0, 0, 0, '2016-09-17 21:04:25', -1, -1, '2016-07-15 00:19:14', -1, -1, '2021-06-10 01:29:17', 0, '2021-06-10 01:29:17', 0, '2021-06-10 01:29:17', 0, '2021-06-10 01:29:17', 0, '2016-07-15 00:19:14', 0, '2016-07-15 00:19:14', 0, '2016-07-15 00:19:14', 0, '2016-07-15 00:19:14', 0, 0, 0, 'Test Name', 1);

-- ----------------------------
-- Table structure for worldinfo_copy
-- ----------------------------
DROP TABLE IF EXISTS `worldinfo_copy`;
CREATE TABLE `worldinfo_copy`  (
  `mZone38WinTribe` int NULL DEFAULT NULL,
  `mZone38WinTribeDate` datetime NULL DEFAULT NULL,
  `mTribe1Symbol` int NULL DEFAULT NULL,
  `mTribe1SymbolDate` datetime NULL DEFAULT NULL,
  `mTribe2Symbol` int NULL DEFAULT NULL,
  `mTribe2SymbolDate` datetime NULL DEFAULT NULL,
  `mTribe3Symbol` int NULL DEFAULT NULL,
  `mTribe3SymbolDate` datetime NULL DEFAULT NULL,
  `mTribe4Symbol` int NULL DEFAULT NULL,
  `mTribe4SymbolDate` datetime NULL DEFAULT NULL,
  `mMonsterSymbol` int NULL DEFAULT NULL,
  `mMonsterSymbolDate` datetime NULL DEFAULT NULL,
  `mTribe1Point` int NULL DEFAULT NULL,
  `mTribe2Point` int NULL DEFAULT NULL,
  `mTribe3Point` int NULL DEFAULT NULL,
  `mTribe4Point` int NULL DEFAULT NULL,
  `mCloseTime` datetime NULL DEFAULT NULL,
  `mCloseTribe` int NULL DEFAULT NULL,
  `mPossibleAlliance01Date` int NULL DEFAULT NULL,
  `mPossibleAlliance01Info` int NULL DEFAULT NULL,
  `mPossibleAlliance02Date` int NULL DEFAULT NULL,
  `mPossibleAlliance02Info` int NULL DEFAULT NULL,
  `mPossibleAlliance03Date` int NULL DEFAULT NULL,
  `mPossibleAlliance03Info` int NULL DEFAULT NULL,
  `mPossibleAlliance04Date` int NULL DEFAULT NULL,
  `mPossibleAlliance04Info` int NULL DEFAULT NULL,
  `mAlliance01Date` datetime NULL DEFAULT NULL,
  `mAlliance0101` int NULL DEFAULT NULL,
  `mAlliance0102` int NULL DEFAULT NULL,
  `mAlliance02Date` datetime NULL DEFAULT NULL,
  `mAlliance0201` int NULL DEFAULT NULL,
  `mAlliance0202` int NULL DEFAULT NULL,
  `mTribe1VoteDate` datetime NULL DEFAULT NULL,
  `mTribe1VoteState` int NULL DEFAULT NULL,
  `mTribe2VoteDate` datetime NULL DEFAULT NULL,
  `mTribe2VoteState` int NULL DEFAULT NULL,
  `mTribe3VoteDate` datetime NULL DEFAULT NULL,
  `mTribe3VoteState` int NULL DEFAULT NULL,
  `mTribe4VoteDate` datetime NULL DEFAULT NULL,
  `mTribe4VoteState` int NULL DEFAULT NULL,
  `mClose1VoteDate` datetime NULL DEFAULT NULL,
  `mClose1VoteState` int NULL DEFAULT NULL,
  `mClose2VoteDate` datetime NULL DEFAULT NULL,
  `mClose2VoteState` int NULL DEFAULT NULL,
  `mClose3VoteDate` datetime NULL DEFAULT NULL,
  `mClose3VoteState` int NULL DEFAULT NULL,
  `mClose4VoteDate` datetime NULL DEFAULT NULL,
  `mClose4VoteState` int NULL DEFAULT NULL,
  `mTribe4QuestDate` int NULL DEFAULT NULL,
  `mTribe4QuestState` int NULL DEFAULT NULL,
  `mTribe4QuestName` varchar(200) CHARACTER SET utf8 COLLATE utf8_general_ci NULL DEFAULT NULL,
  `aWorldNumber` int NOT NULL,
  PRIMARY KEY (`aWorldNumber`) USING BTREE
) ENGINE = MyISAM CHARACTER SET = utf8 COLLATE = utf8_general_ci ROW_FORMAT = DYNAMIC;

-- ----------------------------
-- Records of worldinfo_copy
-- ----------------------------
INSERT INTO `worldinfo_copy` VALUES (2, '2016-07-15 05:51:26', 0, '2016-07-14 20:11:31', 1, '2016-07-14 20:11:31', 2, '2016-07-14 20:11:31', 3, '2016-07-14 20:11:31', 3, '2016-07-15 10:50:42', 1980, 2100, 1180, 1270, '2015-01-21 00:19:14', 0, 0, 0, 0, 0, 0, 0, 0, 0, '2015-01-21 00:19:14', -1, -1, '2015-01-21 00:19:14', -1, -1, '2016-07-11 22:00:00', 0, '2016-07-11 22:00:00', 0, '2016-07-11 22:00:00', 0, '2016-07-11 22:00:00', 0, '2015-01-21 00:19:14', 0, '2015-01-21 00:19:14', 0, '2015-01-21 00:19:14', 0, '2015-01-21 00:19:14', 0, 0, 0, 'Test Name', 1);

SET FOREIGN_KEY_CHECKS = 1;
